{
  "minecraft:recipes/tools/fishing_rod": {
    "criteria": {
      "has_string": "2023-09-05 15:37:39 +0300"
    },
    "done": true
  },
  "minecraft:recipes/combat/iron_sword": {
    "criteria": {
      "has_iron_ingot": "2023-09-05 17:10:49 +0300"
    },
    "done": true
  },
  "minecraft:recipes/combat/golden_chestplate": {
    "criteria": {
      "has_gold_ingot": "2023-09-05 17:10:49 +0300"
    },
    "done": true
  },
  "minecraft:recipes/transportation/furnace_minecart": {
    "criteria": {
      "has_minecart": "2023-09-05 15:30:19 +0300"
    },
    "done": true
  },
  "minecraft:recipes/tools/diamond_axe": {
    "criteria": {
      "has_diamond": "2023-09-05 16:13:23 +0300"
    },
    "done": true
  },
  "minecraft:recipes/tools/iron_pickaxe": {
    "criteria": {
      "has_iron_ingot": "2023-09-05 17:10:49 +0300"
    },
    "done": true
  },
  "biomesoplenty:recipes/transportation/boat_fir": {
    "criteria": {
      "entered_water": "2023-09-05 15:32:26 +0300"
    },
    "done": true
  },
  "minecraft:recipes/tools/golden_hoe": {
    "criteria": {
      "has_gold_ingot": "2023-09-05 17:10:49 +0300"
    },
    "done": true
  },
  "minecraft:recipes/misc/iron_nugget": {
    "criteria": {
      "has_iron_ingot": "2023-09-05 17:10:49 +0300"
    },
    "done": true
  },
  "minecraft:recipes/transportation/hopper_minecart": {
    "criteria": {
      "has_minecart": "2023-09-05 15:30:19 +0300"
    },
    "done": true
  },
  "minecraft:recipes/decorations/chest": {
    "criteria": {
      "has_lots_of_items": "2023-09-05 15:34:51 +0300"
    },
    "done": true
  },
  "minecraft:recipes/combat/golden_sword": {
    "criteria": {
      "has_gold_ingot": "2023-09-05 17:10:49 +0300"
    },
    "done": true
  },
  "minecraft:recipes/building_blocks/iron_block": {
    "criteria": {
      "has_at_least_9_iron_ingot": "2023-09-05 17:10:49 +0300"
    },
    "done": true
  },
  "biomesoplenty:recipes/transportation/boat_sacred_oak": {
    "criteria": {
      "entered_water": "2023-09-05 15:32:26 +0300"
    },
    "done": true
  },
  "biomesoplenty:recipes/transportation/boat_pine": {
    "criteria": {
      "entered_water": "2023-09-05 15:32:26 +0300"
    },
    "done": true
  },
  "minecraft:recipes/combat/diamond_sword": {
    "criteria": {
      "has_diamond": "2023-09-05 16:13:23 +0300"
    },
    "done": true
  },
  "biomesoplenty:biomesoplenty/terrestrial_artifact": {
    "criteria": {
      "malachite": "2023-09-05 16:24:36 +0300",
      "emerald": "2023-09-05 16:13:20 +0300"
    },
    "done": false
  },
  "minecraft:recipes/tools/shears": {
    "criteria": {
      "has_iron_ingot": "2023-09-05 17:10:49 +0300"
    },
    "done": true
  },
  "minecraft:recipes/building_blocks/coal_block": {
    "criteria": {
      "has_at_least_9_coal": "2023-09-05 17:10:56 +0300"
    },
    "done": true
  },
  "minecraft:recipes/transportation/spruce_boat": {
    "criteria": {
      "entered_water": "2023-09-05 15:32:26 +0300"
    },
    "done": true
  },
  "minecraft:recipes/decorations/jukebox": {
    "criteria": {
      "has_diamond": "2023-09-05 16:13:23 +0300"
    },
    "done": true
  },
  "minecraft:recipes/redstone/light_weighted_pressure_plate": {
    "criteria": {
      "has_gold_ingot": "2023-09-05 17:10:49 +0300"
    },
    "done": true
  },
  "minecraft:recipes/tools/flint_and_steel": {
    "criteria": {
      "has_obsidian": "2023-09-05 16:14:05 +0300"
    },
    "done": true
  },
  "biomesoplenty:recipes/transportation/boat_ethereal": {
    "criteria": {
      "entered_water": "2023-09-05 15:32:26 +0300"
    },
    "done": true
  },
  "minecraft:recipes/redstone/dispenser": {
    "criteria": {
      "has_bow": "2023-09-05 15:41:49 +0300"
    },
    "done": true
  },
  "biomesoplenty:recipes/transportation/boat_cherry": {
    "criteria": {
      "entered_water": "2023-09-05 15:32:26 +0300"
    },
    "done": true
  },
  "minecraft:recipes/transportation/detector_rail": {
    "criteria": {
      "has_rail": "2023-09-05 16:52:09 +0300"
    },
    "done": true
  },
  "minecraft:recipes/transportation/golden_rail": {
    "criteria": {
      "has_rail": "2023-09-05 16:52:09 +0300"
    },
    "done": true
  },
  "minecraft:recipes/misc/gold_nugget": {
    "criteria": {
      "has_gold_ingot": "2023-09-05 17:10:49 +0300"
    },
    "done": true
  },
  "minecraft:recipes/combat/iron_leggings": {
    "criteria": {
      "has_iron_ingot": "2023-09-05 17:10:49 +0300"
    },
    "done": true
  },
  "minecraft:recipes/tools/golden_axe": {
    "criteria": {
      "has_gold_ingot": "2023-09-05 17:10:49 +0300"
    },
    "done": true
  },
  "minecraft:husbandry/balanced_diet": {
    "criteria": {
      "golden_apple": "2023-09-05 17:11:42 +0300",
      "rotten_flesh": "2023-09-05 15:35:56 +0300"
    },
    "done": false
  },
  "minecraft:recipes/tools/iron_axe": {
    "criteria": {
      "has_iron_ingot": "2023-09-05 17:10:49 +0300"
    },
    "done": true
  },
  "minecraft:recipes/combat/shield": {
    "criteria": {
      "has_iron_ingot": "2023-09-05 17:10:49 +0300"
    },
    "done": true
  },
  "minecraft:recipes/combat/golden_helmet": {
    "criteria": {
      "has_gold_ingot": "2023-09-05 17:10:49 +0300"
    },
    "done": true
  },
  "minecraft:recipes/redstone/tripwire_hook": {
    "criteria": {
      "has_string": "2023-09-05 15:37:39 +0300"
    },
    "done": true
  },
  "minecraft:recipes/misc/bucket": {
    "criteria": {
      "has_iron_ingot": "2023-09-05 17:10:49 +0300"
    },
    "done": true
  },
  "minecraft:recipes/misc/iron_ingot_from_block": {
    "criteria": {
      "has_the_recipe": "2023-09-05 17:10:49 +0300"
    },
    "done": true
  },
  "minecraft:recipes/combat/iron_boots": {
    "criteria": {
      "has_iron_ingot": "2023-09-05 17:10:49 +0300"
    },
    "done": true
  },
  "minecraft:recipes/building_blocks/birch_planks": {
    "criteria": {
      "has_log": "2023-09-05 15:31:47 +0300"
    },
    "done": true
  },
  "minecraft:recipes/redstone/hopper": {
    "criteria": {
      "has_iron_ingot": "2023-09-05 17:10:49 +0300"
    },
    "done": true
  },
  "minecraft:recipes/misc/bone_meal_from_bone": {
    "criteria": {
      "has_bone": "2023-09-05 15:38:28 +0300"
    },
    "done": true
  },
  "biomesoplenty:recipes/transportation/boat_ebony": {
    "criteria": {
      "entered_water": "2023-09-05 15:32:26 +0300"
    },
    "done": true
  },
  "biomesoplenty:recipes/transportation/boat_hellbark": {
    "criteria": {
      "entered_water": "2023-09-05 15:32:26 +0300"
    },
    "done": true
  },
  "biomesoplenty:recipes/transportation/boat_mangrove": {
    "criteria": {
      "entered_water": "2023-09-05 15:32:26 +0300"
    },
    "done": true
  },
  "minecraft:recipes/combat/iron_chestplate": {
    "criteria": {
      "has_iron_ingot": "2023-09-05 17:10:49 +0300"
    },
    "done": true
  },
  "minecraft:recipes/misc/coal": {
    "criteria": {
      "has_the_recipe": "2023-09-05 17:10:56 +0300"
    },
    "done": true
  },
  "biomesoplenty:recipes/transportation/boat_eucalyptus": {
    "criteria": {
      "entered_water": "2023-09-05 15:32:26 +0300"
    },
    "done": true
  },
  "minecraft:story/form_obsidian": {
    "criteria": {
      "obsidian": "2023-09-05 16:14:05 +0300"
    },
    "done": true
  },
  "twilightforest:alt/compat/tconstruct": {
    "criteria": {
      "book": "2023-09-05 15:06:03 +0300"
    },
    "done": true
  },
  "minecraft:recipes/tools/golden_shovel": {
    "criteria": {
      "has_gold_ingot": "2023-09-05 17:10:49 +0300"
    },
    "done": true
  },
  "minecraft:recipes/combat/iron_helmet": {
    "criteria": {
      "has_iron_ingot": "2023-09-05 17:10:49 +0300"
    },
    "done": true
  },
  "minecraft:recipes/combat/bow": {
    "criteria": {
      "has_string": "2023-09-05 15:37:39 +0300"
    },
    "done": true
  },
  "minecraft:recipes/building_blocks/string_to_wool": {
    "criteria": {
      "has_string": "2023-09-05 15:37:39 +0300"
    },
    "done": true
  },
  "minecraft:recipes/redstone/tnt": {
    "criteria": {
      "has_gunpowder": "2023-09-05 15:38:08 +0300"
    },
    "done": true
  },
  "biomesoplenty:recipes/transportation/boat_mahogany": {
    "criteria": {
      "entered_water": "2023-09-05 15:32:26 +0300"
    },
    "done": true
  },
  "minecraft:recipes/redstone/repeater": {
    "criteria": {
      "has_redstone_torch": "2023-09-05 16:50:40 +0300"
    },
    "done": true
  },
  "minecraft:adventure/kill_a_mob": {
    "criteria": {
      "zombie": "2023-09-05 15:34:52 +0300"
    },
    "done": true
  },
  "flammpfeil.slashblade:root": {
    "criteria": {
      "useWoodenSword": "2023-09-05 15:35:27 +0300",
      "attackTheEntity": "2023-09-05 15:06:38 +0300"
    },
    "done": true
  },
  "minecraft:recipes/decorations/iron_bars": {
    "criteria": {
      "has_iron_ingot": "2023-09-05 17:10:49 +0300"
    },
    "done": true
  },
  "minecraft:recipes/tools/golden_pickaxe": {
    "criteria": {
      "has_gold_ingot": "2023-09-05 17:10:49 +0300"
    },
    "done": true
  },
  "minecraft:recipes/building_blocks/gold_block": {
    "criteria": {
      "has_at_least_9_gold_ingot": "2023-09-05 17:10:49 +0300"
    },
    "done": true
  },
  "minecraft:story/obtain_armor": {
    "criteria": {
      "iron_chestplate": "2023-09-05 16:57:18 +0300"
    },
    "done": true
  },
  "minecraft:recipes/combat/diamond_chestplate": {
    "criteria": {
      "has_diamond": "2023-09-05 16:13:23 +0300"
    },
    "done": true
  },
  "simplyjetpacks:eio/jetpack_eio5": {
    "criteria": {
      "jetpack_eio5": "2023-09-05 17:14:13 +0300"
    },
    "done": true
  },
  "minecraft:recipes/transportation/minecart": {
    "criteria": {
      "has_iron_ingot": "2023-09-05 17:10:49 +0300"
    },
    "done": true
  },
  "twilightforest:alt/treasures/armors": {
    "criteria": {
      "6": "2023-09-05 16:26:04 +0300"
    },
    "done": true
  },
  "minecraft:recipes/brewing/cauldron": {
    "criteria": {
      "has_water_bucket": "2023-09-05 15:32:25 +0300"
    },
    "done": true
  },
  "minecraft:adventure/adventuring_time": {
    "criteria": {
      "forest": "2023-09-05 15:29:31 +0300",
      "swampland": "2023-09-05 15:06:31 +0300",
      "birch_forest": "2023-09-05 15:30:44 +0300",
      "extreme_hills_with_trees": "2023-09-05 15:37:56 +0300",
      "forest_hills": "2023-09-05 15:30:43 +0300",
      "birch_forest_hills": "2023-09-05 15:31:18 +0300",
      "extreme_hills": "2023-09-05 15:06:03 +0300",
      "roofed_forest": "2023-09-05 17:19:27 +0300",
      "river": "2023-09-05 16:51:19 +0300"
    },
    "done": false
  },
  "minecraft:recipes/transportation/chest_minecart": {
    "criteria": {
      "has_minecart": "2023-09-05 15:30:19 +0300"
    },
    "done": true
  },
  "minecraft:recipes/redstone/iron_door": {
    "criteria": {
      "has_iron_ingot": "2023-09-05 17:10:49 +0300"
    },
    "done": true
  },
  "minecraft:recipes/decorations/armor_stand": {
    "criteria": {
      "has_stone_slab": "2023-09-05 15:43:40 +0300"
    },
    "done": true
  },
  "minecraft:recipes/combat/diamond_leggings": {
    "criteria": {
      "has_diamond": "2023-09-05 16:13:23 +0300"
    },
    "done": true
  },
  "minecraft:recipes/tools/iron_hoe": {
    "criteria": {
      "has_iron_ingot": "2023-09-05 17:10:49 +0300"
    },
    "done": true
  },
  "minecraft:husbandry/root": {
    "criteria": {
      "consumed_item": "2023-09-05 15:35:56 +0300"
    },
    "done": true
  },
  "minecraft:recipes/building_blocks/stone_brick_slab": {
    "criteria": {
      "has_stonebrick": "2023-09-05 16:51:45 +0300"
    },
    "done": true
  },
  "minecraft:recipes/transportation/birch_boat": {
    "criteria": {
      "entered_water": "2023-09-05 15:32:26 +0300"
    },
    "done": true
  },
  "minecraft:recipes/food/golden_apple": {
    "criteria": {
      "has_gold_ingot": "2023-09-05 17:10:49 +0300"
    },
    "done": true
  },
  "biomesoplenty:recipes/transportation/boat_willow": {
    "criteria": {
      "entered_water": "2023-09-05 15:32:26 +0300"
    },
    "done": true
  },
  "cfm:install": {
    "criteria": {
      "tick": "2023-09-05 15:06:03 +0300"
    },
    "done": true
  },
  "minecraft:recipes/decorations/enchanting_table": {
    "criteria": {
      "has_obsidian": "2023-09-05 16:14:05 +0300"
    },
    "done": true
  },
  "minecraft:recipes/transportation/acacia_boat": {
    "criteria": {
      "entered_water": "2023-09-05 15:32:26 +0300"
    },
    "done": true
  },
  "minecraft:recipes/brewing/fermented_spider_eye": {
    "criteria": {
      "has_spider_eye": "2023-09-05 15:37:39 +0300"
    },
    "done": true
  },
  "minecraft:recipes/tools/iron_shovel": {
    "criteria": {
      "has_iron_ingot": "2023-09-05 17:10:49 +0300"
    },
    "done": true
  },
  "minecraft:recipes/redstone/iron_trapdoor": {
    "criteria": {
      "has_iron_ingot": "2023-09-05 17:10:49 +0300"
    },
    "done": true
  },
  "biomesoplenty:recipes/transportation/boat_redwood": {
    "criteria": {
      "entered_water": "2023-09-05 15:32:26 +0300"
    },
    "done": true
  },
  "minecraft:adventure/root": {
    "criteria": {
      "killed_something": "2023-09-05 15:34:52 +0300"
    },
    "done": true
  },
  "minecraft:recipes/transportation/boat": {
    "criteria": {
      "entered_water": "2023-09-05 15:32:26 +0300"
    },
    "done": true
  },
  "minecraft:recipes/transportation/jungle_boat": {
    "criteria": {
      "entered_water": "2023-09-05 15:32:26 +0300"
    },
    "done": true
  },
  "reskillable:main/root": {
    "criteria": {
      "level_up": "2023-09-05 15:40:10 +0300"
    },
    "done": true
  },
  "minecraft:recipes/redstone/heavy_weighted_pressure_plate": {
    "criteria": {
      "has_iron_ingot": "2023-09-05 17:10:49 +0300"
    },
    "done": true
  },
  "minecraft:recipes/transportation/dark_oak_boat": {
    "criteria": {
      "entered_water": "2023-09-05 15:32:26 +0300"
    },
    "done": true
  },
  "minecraft:recipes/transportation/carrot_on_a_stick": {
    "criteria": {
      "has_carrot": "2023-09-05 15:36:51 +0300"
    },
    "done": true
  },
  "minecraft:recipes/tools/diamond_pickaxe": {
    "criteria": {
      "has_diamond": "2023-09-05 16:13:23 +0300"
    },
    "done": true
  },
  "minecraft:recipes/tools/diamond_hoe": {
    "criteria": {
      "has_diamond": "2023-09-05 16:13:23 +0300"
    },
    "done": true
  },
  "biomesoplenty:recipes/transportation/boat_jacaranda": {
    "criteria": {
      "entered_water": "2023-09-05 15:32:26 +0300"
    },
    "done": true
  },
  "biomesoplenty:recipes/transportation/boat_umbran": {
    "criteria": {
      "entered_water": "2023-09-05 15:32:26 +0300"
    },
    "done": true
  },
  "minecraft:recipes/transportation/activator_rail": {
    "criteria": {
      "has_rail": "2023-09-05 16:52:09 +0300"
    },
    "done": true
  },
  "minecraft:adventure/kill_all_mobs": {
    "criteria": {
      "zombie_villager": "2023-09-05 15:36:50 +0300",
      "skeleton": "2023-09-05 15:38:28 +0300",
      "silverfish": "2023-09-05 16:36:22 +0300",
      "zombie": "2023-09-05 15:34:52 +0300",
      "witch": "2023-09-05 16:39:10 +0300",
      "spider": "2023-09-05 15:37:38 +0300",
      "creeper": "2023-09-05 15:38:03 +0300"
    },
    "done": false
  },
  "minecraft:recipes/tools/diamond_shovel": {
    "criteria": {
      "has_diamond": "2023-09-05 16:13:23 +0300"
    },
    "done": true
  },
  "simplyjetpacks:te/jetpack_te4": {
    "criteria": {
      "jetpack_te4": "2023-09-05 17:14:48 +0300"
    },
    "done": true
  },
  "biomesoplenty:recipes/misc/sand_from_dried_sand": {
    "criteria": {
      "has_gem_block": "2023-09-05 15:32:25 +0300"
    },
    "done": true
  },
  "minecraft:recipes/transportation/tnt_minecart": {
    "criteria": {
      "has_minecart": "2023-09-05 15:30:19 +0300"
    },
    "done": true
  },
  "minecraft:recipes/combat/golden_leggings": {
    "criteria": {
      "has_gold_ingot": "2023-09-05 17:10:49 +0300"
    },
    "done": true
  },
  "cfm:root": {
    "criteria": {
      "tick": "2023-09-05 15:06:03 +0300"
    },
    "done": true
  },
  "biomesoplenty:recipes/misc/mud_from_dirt": {
    "criteria": {
      "has_gem_block": "2023-09-05 15:32:25 +0300"
    },
    "done": true
  },
  "minecraft:recipes/transportation/rail": {
    "criteria": {
      "has_minecart": "2023-09-05 15:30:19 +0300"
    },
    "done": true
  },
  "twilightforest:alt/treasures/arctic_armor_set": {
    "criteria": {
      "chestplate": "2023-09-05 16:26:04 +0300"
    },
    "done": true
  },
  "biomesoplenty:recipes/transportation/boat_magic": {
    "criteria": {
      "entered_water": "2023-09-05 15:32:26 +0300"
    },
    "done": true
  },
  "minecraft:recipes/combat/diamond_boots": {
    "criteria": {
      "has_diamond": "2023-09-05 16:13:23 +0300"
    },
    "done": true
  },
  "minecraft:story/mine_diamond": {
    "criteria": {
      "diamond": "2023-09-05 16:13:23 +0300"
    },
    "done": true
  },
  "minecraft:recipes/combat/diamond_helmet": {
    "criteria": {
      "has_diamond": "2023-09-05 16:13:23 +0300"
    },
    "done": true
  },
  "biomesoplenty:recipes/transportation/boat_palm": {
    "criteria": {
      "entered_water": "2023-09-05 15:32:26 +0300"
    },
    "done": true
  },
  "minecraft:story/smelt_iron": {
    "criteria": {
      "iron": "2023-09-05 17:10:49 +0300"
    },
    "done": true
  },
  "minecraft:recipes/building_blocks/chiseled_stonebrick": {
    "criteria": {
      "has_stonebrick": "2023-09-05 16:51:45 +0300"
    },
    "done": true
  },
  "biomesoplenty:recipes/tools/biome_finder": {
    "criteria": {
      "has_artifact": "2023-09-05 16:24:45 +0300"
    },
    "done": true
  },
  "minecraft:recipes/misc/gold_ingot_from_block": {
    "criteria": {
      "has_the_recipe": "2023-09-05 17:10:49 +0300"
    },
    "done": true
  },
  "minecraft:recipes/building_blocks/stone_brick_stairs": {
    "criteria": {
      "has_stonebrick": "2023-09-05 16:51:45 +0300"
    },
    "done": true
  },
  "minecraft:recipes/combat/golden_boots": {
    "criteria": {
      "has_gold_ingot": "2023-09-05 17:10:49 +0300"
    },
    "done": true
  }
}