{"stat.chestOpened":2,"stat.walkOneCm":16249,"stat.leaveGame":4,"stat.mineBlock.byg.magentatulip":1,"stat.pickup.byg.yellowtulip":1,"stat.pickup.everlastingabilities.ability_bottle":1,"stat.jump":405,"stat.swimOneCm":276,"stat.fallOneCm":15008,"stat.climbOneCm":16,"stat.pickup.byg.magentatulip":1,"stat.pickup.minecraft.porkchop":1,"stat.crouchOneCm":281,"stat.sprintOneCm":16189,"stat.useItem.minecraft.stone_slab2":2,"stat.damageTaken":340,"stat.mobKills":1,"stat.pickup.byg.thorn_branches":1,"stat.flyOneCm":91286,"stat.deaths":1,"stat.pickup.minecraft.wheat_seeds":5,"stat.mineBlock.byg.thorn_branches":1,"stat.playOneMinute":10468,"stat.sneakTime":289,"stat.damageDealt":100,"stat.timeSinceDeath":7195,"stat.killEntity.Pig":1,"stat.mineBlock.minecraft.tallgrass":7,"stat.diveOneCm":2418}