<?xml version="1.0" encoding="UTF-8" standalone="no"?>
<galaxy>
    <star blackHole="false" name="Sol" numGasGiants="0" numPlanets="0" size="1.0" temp="100" x="0" y="0">
        <planet DIMID="16" name="Sol 16">
            <isKnown>false</isKnown>
            <fogColor>1.0,1.0,1.0</fogColor>
            <skyColor>0.8,0.5619769,0.61766577</skyColor>
            <gravitationalMultiplier>130</gravitationalMultiplier>
            <orbitalDistance>98</orbitalDistance>
            <orbitalTheta>124</orbitalTheta>
            <orbitalPhi>-47</orbitalPhi>
            <retrograde>false</retrograde>
            <avgTemperature>314</avgTemperature>
            <rotationalPeriod>10923</rotationalPeriod>
            <atmosphereDensity>137</atmosphereDensity>
            <generateCraters>false</generateCraters>
            <generateCaves>false</generateCaves>
            <generateVolcanos>false</generateVolcanos>
            <generateStructures>true</generateStructures>
            <generateGeodes>true</generateGeodes>
            <biomeIds>minecraft:ice_mountains;30,biomesoplenty:coniferous_forest;30,byg:bquagmire;3,minecraft:mutated_redwood_taiga;30,byg:bdeciduousforest;4</biomeIds>
        </planet>
        <planet DIMID="0" dimMapping="" name="Earth">
            <isKnown>true</isKnown>
            <fogColor>1.0,1.0,1.0</fogColor>
            <skyColor>1.0,1.0,1.0</skyColor>
            <gravitationalMultiplier>100</gravitationalMultiplier>
            <orbitalDistance>100</orbitalDistance>
            <orbitalTheta>0</orbitalTheta>
            <orbitalPhi>0</orbitalPhi>
            <retrograde>false</retrograde>
            <avgTemperature>287</avgTemperature>
            <rotationalPeriod>24000</rotationalPeriod>
            <atmosphereDensity>100</atmosphereDensity>
            <generateCraters>false</generateCraters>
            <generateCaves>false</generateCaves>
            <generateVolcanos>false</generateVolcanos>
            <generateStructures>false</generateStructures>
            <generateGeodes>false</generateGeodes>
            <planet DIMID="2" name="Luna">
                <isKnown>false</isKnown>
                <fogColor>1.0,1.0,1.0</fogColor>
                <skyColor>1.0,1.0,1.0</skyColor>
                <gravitationalMultiplier>16</gravitationalMultiplier>
                <orbitalDistance>150</orbitalDistance>
                <orbitalTheta>0</orbitalTheta>
                <orbitalPhi>0</orbitalPhi>
                <retrograde>false</retrograde>
                <avgTemperature>255</avgTemperature>
                <rotationalPeriod>128000</rotationalPeriod>
                <atmosphereDensity>0</atmosphereDensity>
                <generateCraters>true</generateCraters>
                <generateCaves>false</generateCaves>
                <generateVolcanos>false</generateVolcanos>
                <generateStructures>false</generateStructures>
                <generateGeodes>false</generateGeodes>
                <biomeIds>advancedrocketry:moon;30,advancedrocketry:moondark;30</biomeIds>
            </planet>
        </planet>
        <planet DIMID="17" name="Sol 17">
            <isKnown>false</isKnown>
            <fogColor>1.0,1.0,1.0</fogColor>
            <skyColor>0.8,0.92861617,0.22590852</skyColor>
            <gravitationalMultiplier>130</gravitationalMultiplier>
            <orbitalDistance>52</orbitalDistance>
            <orbitalTheta>145</orbitalTheta>
            <orbitalPhi>-295</orbitalPhi>
            <retrograde>false</retrograde>
            <avgTemperature>436</avgTemperature>
            <rotationalPeriod>10923</rotationalPeriod>
            <atmosphereDensity>143</atmosphereDensity>
            <generateCraters>false</generateCraters>
            <generateCaves>false</generateCaves>
            <generateVolcanos>false</generateVolcanos>
            <generateStructures>true</generateStructures>
            <generateGeodes>true</generateGeodes>
            <biomeIds>biomesoplenty:lush_desert;30,biomesoplenty:highland;30,minecraft:mutated_redwood_taiga;30,byg:bjacarandaforest;4,biomesoplenty:kelp_forest;30</biomeIds>
            <planet DIMID="18" name="Sol 17: 0">
                <isKnown>false</isKnown>
                <fogColor>1.0,1.0,1.0</fogColor>
                <skyColor>0.8,0.5665756,0.9666406</skyColor>
                <gravitationalMultiplier>70</gravitationalMultiplier>
                <orbitalDistance>145</orbitalDistance>
                <orbitalTheta>77</orbitalTheta>
                <orbitalPhi>102</orbitalPhi>
                <retrograde>false</retrograde>
                <avgTemperature>212</avgTemperature>
                <rotationalPeriod>69970</rotationalPeriod>
                <atmosphereDensity>21</atmosphereDensity>
                <generateCraters>true</generateCraters>
                <generateCaves>false</generateCaves>
                <generateVolcanos>false</generateVolcanos>
                <generateStructures>false</generateStructures>
                <generateGeodes>false</generateGeodes>
                <biomeIds>advancedrocketry:moon;30,advancedrocketry:moondark;30</biomeIds>
            </planet>
        </planet>
        <planet DIMID="19" name="Sol 19">
            <isKnown>false</isKnown>
            <fogColor>1.0,1.0,1.0</fogColor>
            <skyColor>0.8,0.512064,0.9876091</skyColor>
            <gravitationalMultiplier>121</gravitationalMultiplier>
            <orbitalDistance>155</orbitalDistance>
            <orbitalTheta>6</orbitalTheta>
            <orbitalPhi>-43</orbitalPhi>
            <retrograde>false</retrograde>
            <avgTemperature>205</avgTemperature>
            <rotationalPeriod>13380</rotationalPeriod>
            <atmosphereDensity>0</atmosphereDensity>
            <generateCraters>true</generateCraters>
            <generateCaves>false</generateCaves>
            <generateVolcanos>false</generateVolcanos>
            <generateStructures>false</generateStructures>
            <generateGeodes>false</generateGeodes>
            <biomeIds>advancedrocketry:moon;30,advancedrocketry:moondark;30</biomeIds>
            <planet DIMID="20" name="Sol 19: 0">
                <isKnown>false</isKnown>
                <fogColor>1.0,1.0,1.0</fogColor>
                <skyColor>0.8,0.9260745,1.0</skyColor>
                <gravitationalMultiplier>41</gravitationalMultiplier>
                <orbitalDistance>156</orbitalDistance>
                <orbitalTheta>173</orbitalTheta>
                <orbitalPhi>-81</orbitalPhi>
                <retrograde>false</retrograde>
                <avgTemperature>204</avgTemperature>
                <rotationalPeriod>348224</rotationalPeriod>
                <atmosphereDensity>14</atmosphereDensity>
                <generateCraters>true</generateCraters>
                <generateCaves>false</generateCaves>
                <generateVolcanos>false</generateVolcanos>
                <generateStructures>false</generateStructures>
                <generateGeodes>false</generateGeodes>
                <biomeIds>advancedrocketry:moon;30,advancedrocketry:moondark;30</biomeIds>
            </planet>
            <planet DIMID="21" name="Sol 19: 1">
                <isKnown>false</isKnown>
                <fogColor>1.0,1.0,1.0</fogColor>
                <skyColor>0.8,0.81972224,1.0</skyColor>
                <gravitationalMultiplier>65</gravitationalMultiplier>
                <orbitalDistance>196</orbitalDistance>
                <orbitalTheta>279</orbitalTheta>
                <orbitalPhi>-46</orbitalPhi>
                <retrograde>false</retrograde>
                <avgTemperature>182</avgTemperature>
                <rotationalPeriod>87391</rotationalPeriod>
                <atmosphereDensity>30</atmosphereDensity>
                <generateCraters>true</generateCraters>
                <generateCaves>false</generateCaves>
                <generateVolcanos>false</generateVolcanos>
                <generateStructures>false</generateStructures>
                <generateGeodes>false</generateGeodes>
                <biomeIds>advancedrocketry:crystalchasms;30</biomeIds>
            </planet>
            <planet DIMID="22" name="Sol 19: 2">
                <isKnown>false</isKnown>
                <fogColor>1.0,1.0,1.0</fogColor>
                <skyColor>0.8,0.68524396,0.9103549</skyColor>
                <gravitationalMultiplier>50</gravitationalMultiplier>
                <orbitalDistance>132</orbitalDistance>
                <orbitalTheta>219</orbitalTheta>
                <orbitalPhi>-54</orbitalPhi>
                <retrograde>false</retrograde>
                <avgTemperature>222</avgTemperature>
                <rotationalPeriod>192000</rotationalPeriod>
                <atmosphereDensity>35</atmosphereDensity>
                <generateCraters>true</generateCraters>
                <generateCaves>false</generateCaves>
                <generateVolcanos>false</generateVolcanos>
                <generateStructures>false</generateStructures>
                <generateGeodes>false</generateGeodes>
                <biomeIds>advancedrocketry:crystalchasms;30</biomeIds>
            </planet>
        </planet>
        <planet DIMID="3" name="Sol 3">
            <isKnown>false</isKnown>
            <GasGiant>true</GasGiant>
            <gas>oxygen</gas>
            <gas>nitrogen</gas>
            <fogColor>1.0,1.0,1.0</fogColor>
            <skyColor>1.0,1.0,1.0</skyColor>
            <gravitationalMultiplier>100</gravitationalMultiplier>
            <orbitalDistance>229</orbitalDistance>
            <orbitalTheta>0</orbitalTheta>
            <orbitalPhi>0</orbitalPhi>
            <retrograde>false</retrograde>
            <avgTemperature>199</avgTemperature>
            <rotationalPeriod>24000</rotationalPeriod>
            <atmosphereDensity>122</atmosphereDensity>
            <generateCraters>false</generateCraters>
            <generateCaves>false</generateCaves>
            <generateVolcanos>false</generateVolcanos>
            <generateStructures>false</generateStructures>
            <generateGeodes>false</generateGeodes>
            <planet DIMID="4" name="Sol 3: 0">
                <isKnown>false</isKnown>
                <fogColor>1.0,1.0,1.0</fogColor>
                <skyColor>0.8,0.9304864,0.8040273</skyColor>
                <gravitationalMultiplier>64</gravitationalMultiplier>
                <orbitalDistance>112</orbitalDistance>
                <orbitalTheta>5</orbitalTheta>
                <orbitalPhi>-154</orbitalPhi>
                <retrograde>false</retrograde>
                <avgTemperature>241</avgTemperature>
                <rotationalPeriod>91552</rotationalPeriod>
                <atmosphereDensity>27</atmosphereDensity>
                <generateCraters>true</generateCraters>
                <generateCaves>false</generateCaves>
                <generateVolcanos>false</generateVolcanos>
                <generateStructures>false</generateStructures>
                <generateGeodes>false</generateGeodes>
                <biomeIds>minecraft:ice_flats;30</biomeIds>
            </planet>
            <planet DIMID="5" name="Sol 3: 1">
                <isKnown>false</isKnown>
                <fogColor>1.0,1.0,1.0</fogColor>
                <skyColor>0.8,0.9756729,0.96798116</skyColor>
                <gravitationalMultiplier>30</gravitationalMultiplier>
                <orbitalDistance>161</orbitalDistance>
                <orbitalTheta>263</orbitalTheta>
                <orbitalPhi>75</orbitalPhi>
                <retrograde>false</retrograde>
                <avgTemperature>201</avgTemperature>
                <rotationalPeriod>888888</rotationalPeriod>
                <atmosphereDensity>25</atmosphereDensity>
                <generateCraters>true</generateCraters>
                <generateCaves>false</generateCaves>
                <generateVolcanos>false</generateVolcanos>
                <generateStructures>false</generateStructures>
                <generateGeodes>false</generateGeodes>
                <biomeIds>advancedrocketry:moon;30,advancedrocketry:moondark;30</biomeIds>
            </planet>
        </planet>
        <planet DIMID="6" name="Sol 6">
            <isKnown>false</isKnown>
            <fogColor>1.0,1.0,1.0</fogColor>
            <skyColor>0.8,0.9083395,0.0</skyColor>
            <gravitationalMultiplier>127</gravitationalMultiplier>
            <orbitalDistance>13</orbitalDistance>
            <orbitalTheta>74</orbitalTheta>
            <orbitalPhi>-245</orbitalPhi>
            <retrograde>false</retrograde>
            <avgTemperature>928</avgTemperature>
            <rotationalPeriod>11579</rotationalPeriod>
            <atmosphereDensity>183</atmosphereDensity>
            <generateCraters>false</generateCraters>
            <generateCaves>false</generateCaves>
            <generateVolcanos>true</generateVolcanos>
            <generateStructures>false</generateStructures>
            <generateGeodes>true</generateGeodes>
            <biomeIds>byg:btropicalrainforest;4,biomesoplenty:outback;30,minecraft:jungle_hills;30,byg:bcolored_canyons;3,byg:bshrublands;3</biomeIds>
            <planet DIMID="7" name="Sol 6: 0">
                <isKnown>false</isKnown>
                <fogColor>1.0,1.0,1.0</fogColor>
                <skyColor>0.8,0.69334173,0.9035665</skyColor>
                <gravitationalMultiplier>57</gravitationalMultiplier>
                <orbitalDistance>140</orbitalDistance>
                <orbitalTheta>185</orbitalTheta>
                <orbitalPhi>-133</orbitalPhi>
                <retrograde>false</retrograde>
                <avgTemperature>216</avgTemperature>
                <rotationalPeriod>129594</rotationalPeriod>
                <atmosphereDensity>32</atmosphereDensity>
                <generateCraters>true</generateCraters>
                <generateCaves>false</generateCaves>
                <generateVolcanos>false</generateVolcanos>
                <generateStructures>false</generateStructures>
                <generateGeodes>false</generateGeodes>
                <seaLevel>67</seaLevel>
                <biomeIds>minecraft:plains;10,biomesoplenty:gravel_beach;30,biomesoplenty:redwood_forest;30,minecraft:mutated_extreme_hills;30,biomesoplenty:grove;30</biomeIds>
            </planet>
            <planet DIMID="8" name="Sol 6: 1">
                <isKnown>false</isKnown>
                <fogColor>1.0,1.0,1.0</fogColor>
                <skyColor>0.8,0.9217875,0.827691</skyColor>
                <gravitationalMultiplier>44</gravitationalMultiplier>
                <orbitalDistance>106</orbitalDistance>
                <orbitalTheta>308</orbitalTheta>
                <orbitalPhi>-3</orbitalPhi>
                <retrograde>false</retrograde>
                <avgTemperature>248</avgTemperature>
                <rotationalPeriod>281743</rotationalPeriod>
                <atmosphereDensity>16</atmosphereDensity>
                <generateCraters>true</generateCraters>
                <generateCaves>false</generateCaves>
                <generateVolcanos>false</generateVolcanos>
                <generateStructures>false</generateStructures>
                <generateGeodes>false</generateGeodes>
                <biomeIds>advancedrocketry:moon;30,advancedrocketry:moondark;30</biomeIds>
            </planet>
            <oceanBlock>minecraft:lava</oceanBlock>
        </planet>
        <planet DIMID="23" name="Sol 23">
            <isKnown>false</isKnown>
            <fogColor>1.0,1.0,1.0</fogColor>
            <skyColor>0.8,0.54192495,0.47341818</skyColor>
            <gravitationalMultiplier>130</gravitationalMultiplier>
            <orbitalDistance>86</orbitalDistance>
            <orbitalTheta>76</orbitalTheta>
            <orbitalPhi>-178</orbitalPhi>
            <retrograde>false</retrograde>
            <avgTemperature>354</avgTemperature>
            <rotationalPeriod>10923</rotationalPeriod>
            <atmosphereDensity>171</atmosphereDensity>
            <generateCraters>false</generateCraters>
            <generateCaves>false</generateCaves>
            <generateVolcanos>false</generateVolcanos>
            <generateStructures>true</generateStructures>
            <generateGeodes>true</generateGeodes>
            <biomeIds>minecraft:extreme_hills_with_trees;30,minecraft:deep_ocean;30,minecraft:mutated_plains;30,biomesoplenty:gravel_beach;30,biomesoplenty:mountain;30</biomeIds>
            <planet DIMID="24" name="Sol 23: 0">
                <isKnown>false</isKnown>
                <fogColor>1.0,1.0,1.0</fogColor>
                <skyColor>0.8,0.9387733,0.99825954</skyColor>
                <gravitationalMultiplier>42</gravitationalMultiplier>
                <orbitalDistance>179</orbitalDistance>
                <orbitalTheta>153</orbitalTheta>
                <orbitalPhi>-108</orbitalPhi>
                <retrograde>false</retrograde>
                <avgTemperature>191</avgTemperature>
                <rotationalPeriod>323939</rotationalPeriod>
                <atmosphereDensity>34</atmosphereDensity>
                <generateCraters>true</generateCraters>
                <generateCaves>false</generateCaves>
                <generateVolcanos>false</generateVolcanos>
                <generateStructures>false</generateStructures>
                <generateGeodes>false</generateGeodes>
                <biomeIds>minecraft:ice_flats;30</biomeIds>
            </planet>
            <planet DIMID="25" name="Sol 23: 1">
                <isKnown>false</isKnown>
                <fogColor>1.0,1.0,1.0</fogColor>
                <skyColor>0.8,0.7393288,0.97386134</skyColor>
                <gravitationalMultiplier>52</gravitationalMultiplier>
                <orbitalDistance>147</orbitalDistance>
                <orbitalTheta>249</orbitalTheta>
                <orbitalPhi>-149</orbitalPhi>
                <retrograde>false</retrograde>
                <avgTemperature>211</avgTemperature>
                <rotationalPeriod>170687</rotationalPeriod>
                <atmosphereDensity>17</atmosphereDensity>
                <generateCraters>true</generateCraters>
                <generateCaves>false</generateCaves>
                <generateVolcanos>false</generateVolcanos>
                <generateStructures>false</generateStructures>
                <generateGeodes>false</generateGeodes>
                <biomeIds>advancedrocketry:moon;30,advancedrocketry:moondark;30</biomeIds>
            </planet>
        </planet>
        <planet DIMID="9" name="Sol 9">
            <isKnown>false</isKnown>
            <fogColor>1.0,1.0,1.0</fogColor>
            <skyColor>0.8,0.97892463,0.8668821</skyColor>
            <gravitationalMultiplier>130</gravitationalMultiplier>
            <orbitalDistance>170</orbitalDistance>
            <orbitalTheta>331</orbitalTheta>
            <orbitalPhi>-187</orbitalPhi>
            <retrograde>false</retrograde>
            <avgTemperature>240</avgTemperature>
            <rotationalPeriod>10923</rotationalPeriod>
            <atmosphereDensity>141</atmosphereDensity>
            <generateCraters>false</generateCraters>
            <generateCaves>false</generateCaves>
            <generateVolcanos>false</generateVolcanos>
            <generateStructures>false</generateStructures>
            <generateGeodes>true</generateGeodes>
            <biomeIds>biomesoplenty:volcanic_island;30,minecraft:mutated_jungle_edge;30,byg:blushdesert;4,byg:bdunes;4,minecraft:mutated_savanna;30</biomeIds>
            <planet DIMID="10" name="Sol 9: 0">
                <isKnown>false</isKnown>
                <fogColor>1.0,1.0,1.0</fogColor>
                <skyColor>0.8,0.7704282,0.8363427</skyColor>
                <gravitationalMultiplier>63</gravitationalMultiplier>
                <orbitalDistance>123</orbitalDistance>
                <orbitalTheta>262</orbitalTheta>
                <orbitalPhi>-70</orbitalPhi>
                <retrograde>false</retrograde>
                <avgTemperature>230</avgTemperature>
                <rotationalPeriod>95981</rotationalPeriod>
                <atmosphereDensity>35</atmosphereDensity>
                <generateCraters>true</generateCraters>
                <generateCaves>false</generateCaves>
                <generateVolcanos>false</generateVolcanos>
                <generateStructures>false</generateStructures>
                <generateGeodes>false</generateGeodes>
                <biomeIds>biomesoplenty:flower_island;30,byg:bfungaljungle;3,biomesoplenty:eucalyptus_forest;30,minecraft:extreme_hills;10,byg:bmangrovemarshes;4</biomeIds>
            </planet>
            <planet DIMID="11" name="Sol 9: 1">
                <isKnown>false</isKnown>
                <fogColor>1.0,1.0,1.0</fogColor>
                <skyColor>0.8,0.86190844,0.93711966</skyColor>
                <gravitationalMultiplier>40</gravitationalMultiplier>
                <orbitalDistance>128</orbitalDistance>
                <orbitalTheta>320</orbitalTheta>
                <orbitalPhi>-116</orbitalPhi>
                <retrograde>false</retrograde>
                <avgTemperature>226</avgTemperature>
                <rotationalPeriod>375000</rotationalPeriod>
                <atmosphereDensity>34</atmosphereDensity>
                <generateCraters>true</generateCraters>
                <generateCaves>false</generateCaves>
                <generateVolcanos>false</generateVolcanos>
                <generateStructures>false</generateStructures>
                <generateGeodes>false</generateGeodes>
                <biomeIds>biomesoplenty:steppe;30,biomesoplenty:moor;30,minecraft:mesa_clear_rock;30,biomesoplenty:coral_reef;30,minecraft:swampland;10</biomeIds>
            </planet>
        </planet>
        <planet DIMID="26" name="Sol 26">
            <isKnown>false</isKnown>
            <fogColor>1.0,1.0,1.0</fogColor>
            <skyColor>0.8,0.51246125,0.8851263</skyColor>
            <gravitationalMultiplier>130</gravitationalMultiplier>
            <orbitalDistance>152</orbitalDistance>
            <orbitalTheta>284</orbitalTheta>
            <orbitalPhi>-56</orbitalPhi>
            <retrograde>false</retrograde>
            <avgTemperature>224</avgTemperature>
            <rotationalPeriod>10923</rotationalPeriod>
            <atmosphereDensity>86</atmosphereDensity>
            <generateCraters>false</generateCraters>
            <generateCaves>false</generateCaves>
            <generateVolcanos>false</generateVolcanos>
            <generateStructures>false</generateStructures>
            <generateGeodes>false</generateGeodes>
            <biomeIds>biomesoplenty:woodland;30,byg:bancientforest;2,biomesoplenty:tropical_rainforest;30,minecraft:mutated_roofed_forest;30,biomesoplenty:shrubland;30</biomeIds>
            <planet DIMID="27" name="Sol 26: 0">
                <isKnown>false</isKnown>
                <fogColor>1.0,1.0,1.0</fogColor>
                <skyColor>0.8,0.96676534,0.9951155</skyColor>
                <gravitationalMultiplier>84</gravitationalMultiplier>
                <orbitalDistance>176</orbitalDistance>
                <orbitalTheta>61</orbitalTheta>
                <orbitalPhi>-268</orbitalPhi>
                <retrograde>false</retrograde>
                <avgTemperature>192</avgTemperature>
                <rotationalPeriod>40492</rotationalPeriod>
                <atmosphereDensity>33</atmosphereDensity>
                <generateCraters>true</generateCraters>
                <generateCaves>false</generateCaves>
                <generateVolcanos>false</generateVolcanos>
                <generateStructures>false</generateStructures>
                <generateGeodes>false</generateGeodes>
                <biomeIds>byg:bamaranth_fields;3,byg:benchantedforest;2,minecraft:beaches;30,minecraft:jungle_edge;30,biomesoplenty:prairie;30</biomeIds>
            </planet>
        </planet>
        <planet DIMID="12" name="Sol 12">
            <isKnown>false</isKnown>
            <fogColor>1.0,1.0,1.0</fogColor>
            <skyColor>0.8,0.98788774,1.0</skyColor>
            <gravitationalMultiplier>127</gravitationalMultiplier>
            <orbitalDistance>211</orbitalDistance>
            <orbitalTheta>270</orbitalTheta>
            <orbitalPhi>-50</orbitalPhi>
            <retrograde>false</retrograde>
            <avgTemperature>176</avgTemperature>
            <rotationalPeriod>11579</rotationalPeriod>
            <atmosphereDensity>0</atmosphereDensity>
            <generateCraters>true</generateCraters>
            <generateCaves>false</generateCaves>
            <generateVolcanos>false</generateVolcanos>
            <generateStructures>false</generateStructures>
            <generateGeodes>false</generateGeodes>
            <biomeIds>advancedrocketry:moon;30,advancedrocketry:moondark;30</biomeIds>
            <planet DIMID="13" name="Sol 12: 0">
                <isKnown>false</isKnown>
                <fogColor>1.0,1.0,1.0</fogColor>
                <skyColor>0.8,0.70416355,1.0</skyColor>
                <gravitationalMultiplier>68</gravitationalMultiplier>
                <orbitalDistance>159</orbitalDistance>
                <orbitalTheta>225</orbitalTheta>
                <orbitalPhi>-33</orbitalPhi>
                <retrograde>false</retrograde>
                <avgTemperature>202</avgTemperature>
                <rotationalPeriod>76328</rotationalPeriod>
                <atmosphereDensity>25</atmosphereDensity>
                <generateCraters>true</generateCraters>
                <generateCaves>false</generateCaves>
                <generateVolcanos>false</generateVolcanos>
                <generateStructures>false</generateStructures>
                <generateGeodes>false</generateGeodes>
                <biomeIds>advancedrocketry:moon;30,advancedrocketry:moondark;30</biomeIds>
            </planet>
            <planet DIMID="14" name="Sol 12: 1">
                <isKnown>false</isKnown>
                <fogColor>1.0,1.0,1.0</fogColor>
                <skyColor>0.8,0.60218066,1.0</skyColor>
                <gravitationalMultiplier>52</gravitationalMultiplier>
                <orbitalDistance>182</orbitalDistance>
                <orbitalTheta>244</orbitalTheta>
                <orbitalPhi>-228</orbitalPhi>
                <retrograde>false</retrograde>
                <avgTemperature>189</avgTemperature>
                <rotationalPeriod>170687</rotationalPeriod>
                <atmosphereDensity>21</atmosphereDensity>
                <generateCraters>true</generateCraters>
                <generateCaves>false</generateCaves>
                <generateVolcanos>false</generateVolcanos>
                <generateStructures>false</generateStructures>
                <generateGeodes>false</generateGeodes>
                <seaLevel>73</seaLevel>
                <biomeIds>advancedrocketry:moon;30,advancedrocketry:moondark;30</biomeIds>
                <oceanBlock>advancedrocketry:oxygenfluid</oceanBlock>
            </planet>
            <planet DIMID="15" name="Sol 12: 2">
                <isKnown>false</isKnown>
                <fogColor>1.0,1.0,1.0</fogColor>
                <skyColor>0.8,0.5660076,0.8682201</skyColor>
                <gravitationalMultiplier>40</gravitationalMultiplier>
                <orbitalDistance>113</orbitalDistance>
                <orbitalTheta>244</orbitalTheta>
                <orbitalPhi>-323</orbitalPhi>
                <retrograde>false</retrograde>
                <avgTemperature>240</avgTemperature>
                <rotationalPeriod>375000</rotationalPeriod>
                <atmosphereDensity>23</atmosphereDensity>
                <generateCraters>true</generateCraters>
                <generateCaves>false</generateCaves>
                <generateVolcanos>false</generateVolcanos>
                <generateStructures>false</generateStructures>
                <generateGeodes>false</generateGeodes>
                <biomeIds>advancedrocketry:moon;30,advancedrocketry:moondark;30</biomeIds>
            </planet>
        </planet>
        <planet DIMID="28" name="Sol 28">
            <isKnown>false</isKnown>
            <fogColor>1.0,1.0,1.0</fogColor>
            <skyColor>0.8,0.8794743,0.71193826</skyColor>
            <gravitationalMultiplier>99</gravitationalMultiplier>
            <orbitalDistance>75</orbitalDistance>
            <orbitalTheta>39</orbitalTheta>
            <orbitalPhi>-74</orbitalPhi>
            <retrograde>false</retrograde>
            <avgTemperature>295</avgTemperature>
            <rotationalPeriod>24363</rotationalPeriod>
            <atmosphereDensity>43</atmosphereDensity>
            <generateCraters>true</generateCraters>
            <generateCaves>false</generateCaves>
            <generateVolcanos>false</generateVolcanos>
            <generateStructures>false</generateStructures>
            <generateGeodes>false</generateGeodes>
            <biomeIds>byg:bcherrygrove;4,biomesoplenty:prairie;30,minecraft:mutated_roofed_forest;30,biomesoplenty:maple_woods;30,byg:bredoakforest;4</biomeIds>
        </planet>
    </star>
    <star blackHole="false" name="Wolf 12" numGasGiants="0" numPlanets="0" size="1.0" temp="10" x="300" y="-200">
        <planet DIMID="35" name="Wolf 12 35">
            <isKnown>false</isKnown>
            <fogColor>1.0,1.0,1.0</fogColor>
            <skyColor>0.33209026,0.7441429,1.0</skyColor>
            <gravitationalMultiplier>120</gravitationalMultiplier>
            <orbitalDistance>130</orbitalDistance>
            <orbitalTheta>249</orbitalTheta>
            <orbitalPhi>-177</orbitalPhi>
            <retrograde>false</retrograde>
            <avgTemperature>22</avgTemperature>
            <rotationalPeriod>13716</rotationalPeriod>
            <atmosphereDensity>26</atmosphereDensity>
            <generateCraters>true</generateCraters>
            <generateCaves>false</generateCaves>
            <generateVolcanos>false</generateVolcanos>
            <generateStructures>false</generateStructures>
            <generateGeodes>false</generateGeodes>
            <biomeIds>biomesoplenty:gravel_beach;30,biomesoplenty:undergarden;30,byg:balliumfields;3,minecraft:stone_beach;30,biomesoplenty:quagmire;30</biomeIds>
            <planet DIMID="36" name="Wolf 12 35: 0">
                <isKnown>false</isKnown>
                <fogColor>1.0,1.0,1.0</fogColor>
                <skyColor>0.35146755,0.7368953,1.0</skyColor>
                <gravitationalMultiplier>35</gravitationalMultiplier>
                <orbitalDistance>101</orbitalDistance>
                <orbitalTheta>42</orbitalTheta>
                <orbitalPhi>-234</orbitalPhi>
                <retrograde>false</retrograde>
                <avgTemperature>25</avgTemperature>
                <rotationalPeriod>559766</rotationalPeriod>
                <atmosphereDensity>21</atmosphereDensity>
                <generateCraters>true</generateCraters>
                <generateCaves>false</generateCaves>
                <generateVolcanos>false</generateVolcanos>
                <generateStructures>false</generateStructures>
                <generateGeodes>false</generateGeodes>
                <seaLevel>72</seaLevel>
                <biomeIds>advancedrocketry:moon;30,advancedrocketry:moondark;30</biomeIds>
                <oceanBlock>advancedrocketry:oxygenfluid</oceanBlock>
            </planet>
            <planet DIMID="37" name="Wolf 12 35: 1">
                <isKnown>false</isKnown>
                <fogColor>1.0,1.0,1.0</fogColor>
                <skyColor>0.27130586,0.546137,1.0</skyColor>
                <gravitationalMultiplier>77</gravitationalMultiplier>
                <orbitalDistance>198</orbitalDistance>
                <orbitalTheta>343</orbitalTheta>
                <orbitalPhi>-278</orbitalPhi>
                <retrograde>false</retrograde>
                <avgTemperature>18</avgTemperature>
                <rotationalPeriod>52570</rotationalPeriod>
                <atmosphereDensity>26</atmosphereDensity>
                <generateCraters>true</generateCraters>
                <generateCaves>false</generateCaves>
                <generateVolcanos>false</generateVolcanos>
                <generateStructures>false</generateStructures>
                <generateGeodes>false</generateGeodes>
                <biomeIds>biomesoplenty:prairie;30,byg:btropical_islands;4,minecraft:mutated_jungle;30,minecraft:jungle_hills;30,byg:bgreatoaklowlands;4</biomeIds>
            </planet>
            <planet DIMID="38" name="Wolf 12 35: 2">
                <isKnown>false</isKnown>
                <fogColor>1.0,1.0,1.0</fogColor>
                <skyColor>0.2710076,0.69212675,1.0</skyColor>
                <gravitationalMultiplier>61</gravitationalMultiplier>
                <orbitalDistance>177</orbitalDistance>
                <orbitalTheta>133</orbitalTheta>
                <orbitalPhi>-258</orbitalPhi>
                <retrograde>false</retrograde>
                <avgTemperature>19</avgTemperature>
                <rotationalPeriod>105735</rotationalPeriod>
                <atmosphereDensity>16</atmosphereDensity>
                <generateCraters>true</generateCraters>
                <generateCaves>false</generateCaves>
                <generateVolcanos>false</generateVolcanos>
                <generateStructures>false</generateStructures>
                <generateGeodes>false</generateGeodes>
                <seaLevel>55</seaLevel>
                <biomeIds>advancedrocketry:moon;30,advancedrocketry:moondark;30</biomeIds>
            </planet>
        </planet>
        <planet DIMID="39" name="Wolf 12 39">
            <isKnown>false</isKnown>
            <fogColor>1.0,1.0,1.0</fogColor>
            <skyColor>0.41436315,0.82738364,1.0</skyColor>
            <gravitationalMultiplier>130</gravitationalMultiplier>
            <orbitalDistance>78</orbitalDistance>
            <orbitalTheta>252</orbitalTheta>
            <orbitalPhi>99</orbitalPhi>
            <retrograde>false</retrograde>
            <avgTemperature>38</avgTemperature>
            <rotationalPeriod>10923</rotationalPeriod>
            <atmosphereDensity>198</atmosphereDensity>
            <generateCraters>false</generateCraters>
            <generateCaves>false</generateCaves>
            <generateVolcanos>false</generateVolcanos>
            <generateStructures>false</generateStructures>
            <generateGeodes>true</generateGeodes>
            <biomeIds>minecraft:mutated_jungle;30,biomesoplenty:mountain;30,biomesoplenty:sacred_springs;30,minecraft:birch_forest;10,byg:bmeadow;3</biomeIds>
            <planet DIMID="40" name="Wolf 12 39: 0">
                <isKnown>false</isKnown>
                <fogColor>1.0,1.0,1.0</fogColor>
                <skyColor>0.29891223,0.50752366,1.0</skyColor>
                <gravitationalMultiplier>80</gravitationalMultiplier>
                <orbitalDistance>138</orbitalDistance>
                <orbitalTheta>267</orbitalTheta>
                <orbitalPhi>-66</orbitalPhi>
                <retrograde>false</retrograde>
                <avgTemperature>21</avgTemperature>
                <rotationalPeriod>46875</rotationalPeriod>
                <atmosphereDensity>26</atmosphereDensity>
                <generateCraters>true</generateCraters>
                <generateCaves>false</generateCaves>
                <generateVolcanos>false</generateVolcanos>
                <generateStructures>false</generateStructures>
                <generateGeodes>false</generateGeodes>
                <biomeIds>minecraft:birch_forest_hills;30,minecraft:mushroom_island;30,byg:bbaobabsavanna;3,biomesoplenty:eucalyptus_forest;30,minecraft:jungle;30</biomeIds>
            </planet>
            <planet DIMID="41" name="Wolf 12 39: 1">
                <isKnown>false</isKnown>
                <fogColor>1.0,1.0,1.0</fogColor>
                <skyColor>0.2848752,0.6856981,1.0</skyColor>
                <gravitationalMultiplier>89</gravitationalMultiplier>
                <orbitalDistance>139</orbitalDistance>
                <orbitalTheta>87</orbitalTheta>
                <orbitalPhi>-42</orbitalPhi>
                <retrograde>false</retrograde>
                <avgTemperature>21</avgTemperature>
                <rotationalPeriod>34044</rotationalPeriod>
                <atmosphereDensity>27</atmosphereDensity>
                <generateCraters>true</generateCraters>
                <generateCaves>false</generateCaves>
                <generateVolcanos>false</generateVolcanos>
                <generateStructures>false</generateStructures>
                <generateGeodes>false</generateGeodes>
                <biomeIds>minecraft:forest_hills;30,biomesoplenty:corrupted_sands;30,minecraft:plains;10,byg:bdeadsea;2,minecraft:mutated_savanna_rock;30</biomeIds>
            </planet>
            <planet DIMID="42" name="Wolf 12 39: 2">
                <isKnown>false</isKnown>
                <fogColor>1.0,1.0,1.0</fogColor>
                <skyColor>0.3740849,0.57634246,1.0</skyColor>
                <gravitationalMultiplier>87</gravitationalMultiplier>
                <orbitalDistance>109</orbitalDistance>
                <orbitalTheta>52</orbitalTheta>
                <orbitalPhi>-93</orbitalPhi>
                <retrograde>false</retrograde>
                <avgTemperature>24</avgTemperature>
                <rotationalPeriod>36446</rotationalPeriod>
                <atmosphereDensity>34</atmosphereDensity>
                <generateCraters>true</generateCraters>
                <generateCaves>false</generateCaves>
                <generateVolcanos>false</generateVolcanos>
                <generateStructures>false</generateStructures>
                <generateGeodes>false</generateGeodes>
                <biomeIds>biomesoplenty:wetland;30,byg:bwoodlands;4,byg:bsnowydeciduousforest;4,byg:boutlands;4,biomesoplenty:orchard;30</biomeIds>
            </planet>
        </planet>
        <planet DIMID="43" name="Wolf 12 43">
            <isKnown>false</isKnown>
            <fogColor>1.0,1.0,1.0</fogColor>
            <skyColor>0.5174127,0.9677688,1.0</skyColor>
            <gravitationalMultiplier>130</gravitationalMultiplier>
            <orbitalDistance>13</orbitalDistance>
            <orbitalTheta>309</orbitalTheta>
            <orbitalPhi>-106</orbitalPhi>
            <retrograde>false</retrograde>
            <avgTemperature>87</avgTemperature>
            <rotationalPeriod>10923</rotationalPeriod>
            <atmosphereDensity>144</atmosphereDensity>
            <generateCraters>false</generateCraters>
            <generateCaves>false</generateCaves>
            <generateVolcanos>false</generateVolcanos>
            <generateStructures>false</generateStructures>
            <generateGeodes>true</generateGeodes>
            <biomeIds>biomesoplenty:volcanic_island;30,minecraft:swampland;10,biomesoplenty:redwood_forest_edge;30,byg:borchard;4,byg:bbayou;4</biomeIds>
            <planet DIMID="44" name="Wolf 12 43: 0">
                <isKnown>false</isKnown>
                <fogColor>1.0,1.0,1.0</fogColor>
                <skyColor>0.32136816,0.6094359,1.0</skyColor>
                <gravitationalMultiplier>46</gravitationalMultiplier>
                <orbitalDistance>166</orbitalDistance>
                <orbitalTheta>301</orbitalTheta>
                <orbitalPhi>45</orbitalPhi>
                <retrograde>false</retrograde>
                <avgTemperature>19</avgTemperature>
                <rotationalPeriod>246568</rotationalPeriod>
                <atmosphereDensity>34</atmosphereDensity>
                <generateCraters>true</generateCraters>
                <generateCaves>false</generateCaves>
                <generateVolcanos>false</generateVolcanos>
                <generateStructures>false</generateStructures>
                <generateGeodes>false</generateGeodes>
                <biomeIds>biomesoplenty:temperate_rainforest;30,minecraft:stone_beach;30,biomesoplenty:grassland;30,minecraft:mutated_roofed_forest;30,byg:breddesert;4</biomeIds>
            </planet>
            <planet DIMID="45" name="Wolf 12 43: 1">
                <isKnown>false</isKnown>
                <fogColor>1.0,1.0,1.0</fogColor>
                <skyColor>0.34192663,0.53991675,1.0</skyColor>
                <gravitationalMultiplier>69</gravitationalMultiplier>
                <orbitalDistance>159</orbitalDistance>
                <orbitalTheta>111</orbitalTheta>
                <orbitalPhi>-145</orbitalPhi>
                <retrograde>false</retrograde>
                <avgTemperature>20</avgTemperature>
                <rotationalPeriod>73057</rotationalPeriod>
                <atmosphereDensity>26</atmosphereDensity>
                <generateCraters>true</generateCraters>
                <generateCaves>false</generateCaves>
                <generateVolcanos>false</generateVolcanos>
                <generateStructures>false</generateStructures>
                <generateGeodes>false</generateGeodes>
                <biomeIds>biomesoplenty:coral_reef;30,biomesoplenty:outback;30,biomesoplenty:chaparral;30,minecraft:desert_hills;30,byg:bmarshlands;4</biomeIds>
            </planet>
            <planet DIMID="46" name="Wolf 12 43: 2">
                <isKnown>false</isKnown>
                <fogColor>1.0,1.0,1.0</fogColor>
                <skyColor>0.3487802,0.99247813,1.0</skyColor>
                <gravitationalMultiplier>65</gravitationalMultiplier>
                <orbitalDistance>176</orbitalDistance>
                <orbitalTheta>202</orbitalTheta>
                <orbitalPhi>-175</orbitalPhi>
                <retrograde>false</retrograde>
                <avgTemperature>19</avgTemperature>
                <rotationalPeriod>87391</rotationalPeriod>
                <atmosphereDensity>17</atmosphereDensity>
                <generateCraters>true</generateCraters>
                <generateCaves>false</generateCaves>
                <generateVolcanos>false</generateVolcanos>
                <generateStructures>false</generateStructures>
                <generateGeodes>false</generateGeodes>
                <seaLevel>78</seaLevel>
                <biomeIds>advancedrocketry:moon;30,advancedrocketry:moondark;30</biomeIds>
            </planet>
        </planet>
        <planet DIMID="29" name="Wolf 12 29">
            <isKnown>false</isKnown>
            <fogColor>1.0,1.0,1.0</fogColor>
            <skyColor>0.35195398,0.9896608,1.0</skyColor>
            <gravitationalMultiplier>128</gravitationalMultiplier>
            <orbitalDistance>84</orbitalDistance>
            <orbitalTheta>193</orbitalTheta>
            <orbitalPhi>-112</orbitalPhi>
            <retrograde>false</retrograde>
            <avgTemperature>35</avgTemperature>
            <rotationalPeriod>11311</rotationalPeriod>
            <atmosphereDensity>167</atmosphereDensity>
            <generateCraters>false</generateCraters>
            <generateCaves>false</generateCaves>
            <generateVolcanos>false</generateVolcanos>
            <generateStructures>false</generateStructures>
            <generateGeodes>true</generateGeodes>
            <biomeIds>minecraft:mutated_redwood_taiga_hills;30,byg:bamaranth_fields;3,byg:bprairie;4,byg:bmeadow;3,minecraft:birch_forest_hills;30</biomeIds>
            <planet DIMID="30" name="Wolf 12 29: 0">
                <isKnown>false</isKnown>
                <fogColor>1.0,1.0,1.0</fogColor>
                <skyColor>0.37145197,0.66203284,1.0</skyColor>
                <gravitationalMultiplier>41</gravitationalMultiplier>
                <orbitalDistance>108</orbitalDistance>
                <orbitalTheta>106</orbitalTheta>
                <orbitalPhi>6</orbitalPhi>
                <retrograde>false</retrograde>
                <avgTemperature>24</avgTemperature>
                <rotationalPeriod>348224</rotationalPeriod>
                <atmosphereDensity>25</atmosphereDensity>
                <generateCraters>true</generateCraters>
                <generateCaves>false</generateCaves>
                <generateVolcanos>false</generateVolcanos>
                <generateStructures>false</generateStructures>
                <generateGeodes>false</generateGeodes>
                <biomeIds>advancedrocketry:moon;30,advancedrocketry:moondark;30</biomeIds>
            </planet>
        </planet>
        <planet DIMID="31" name="Wolf 12 31">
            <isKnown>false</isKnown>
            <fogColor>1.0,1.0,1.0</fogColor>
            <skyColor>0.34775406,0.60316586,1.0</skyColor>
            <gravitationalMultiplier>130</gravitationalMultiplier>
            <orbitalDistance>104</orbitalDistance>
            <orbitalTheta>126</orbitalTheta>
            <orbitalPhi>309</orbitalPhi>
            <retrograde>false</retrograde>
            <avgTemperature>28</avgTemperature>
            <rotationalPeriod>10923</rotationalPeriod>
            <atmosphereDensity>102</atmosphereDensity>
            <generateCraters>false</generateCraters>
            <generateCaves>false</generateCaves>
            <generateVolcanos>false</generateVolcanos>
            <generateStructures>false</generateStructures>
            <generateGeodes>false</generateGeodes>
            <biomeIds>biomesoplenty:marsh;30,minecraft:extreme_hills;10,minecraft:extreme_hills_with_trees;30,advancedrocketry:marsh;30,minecraft:ocean;30</biomeIds>
            <planet DIMID="32" name="Wolf 12 31: 0">
                <isKnown>false</isKnown>
                <fogColor>1.0,1.0,1.0</fogColor>
                <skyColor>0.30221313,0.68986666,1.0</skyColor>
                <gravitationalMultiplier>65</gravitationalMultiplier>
                <orbitalDistance>126</orbitalDistance>
                <orbitalTheta>24</orbitalTheta>
                <orbitalPhi>55</orbitalPhi>
                <retrograde>false</retrograde>
                <avgTemperature>22</avgTemperature>
                <rotationalPeriod>87391</rotationalPeriod>
                <atmosphereDensity>32</atmosphereDensity>
                <generateCraters>true</generateCraters>
                <generateCaves>false</generateCaves>
                <generateVolcanos>false</generateVolcanos>
                <generateStructures>false</generateStructures>
                <generateGeodes>false</generateGeodes>
                <biomeIds>minecraft:savanna;30,byg:bgrasslandplateau;3,byg:breddesert;4,byg:bfloweringplains;2,byg:bwoodlands;4</biomeIds>
            </planet>
            <planet DIMID="33" name="Wolf 12 31: 1">
                <isKnown>false</isKnown>
                <fogColor>1.0,1.0,1.0</fogColor>
                <skyColor>0.28087807,0.8766687,1.0</skyColor>
                <gravitationalMultiplier>66</gravitationalMultiplier>
                <orbitalDistance>182</orbitalDistance>
                <orbitalTheta>9</orbitalTheta>
                <orbitalPhi>98</orbitalPhi>
                <retrograde>false</retrograde>
                <avgTemperature>18</avgTemperature>
                <rotationalPeriod>83479</rotationalPeriod>
                <atmosphereDensity>33</atmosphereDensity>
                <generateCraters>true</generateCraters>
                <generateCaves>false</generateCaves>
                <generateVolcanos>false</generateVolcanos>
                <generateStructures>false</generateStructures>
                <generateGeodes>false</generateGeodes>
                <biomeIds>biomesoplenty:overgrown_cliffs;30,biomesoplenty:lavender_fields;30,minecraft:mutated_redwood_taiga_hills;30,biomesoplenty:marsh;30,biomesoplenty:tropical_island;30</biomeIds>
            </planet>
            <planet DIMID="34" name="Wolf 12 31: 2">
                <isKnown>false</isKnown>
                <fogColor>1.0,1.0,1.0</fogColor>
                <skyColor>0.36173475,0.6435635,1.0</skyColor>
                <gravitationalMultiplier>75</gravitationalMultiplier>
                <orbitalDistance>165</orbitalDistance>
                <orbitalTheta>290</orbitalTheta>
                <orbitalPhi>-295</orbitalPhi>
                <retrograde>false</retrograde>
                <avgTemperature>19</avgTemperature>
                <rotationalPeriod>56888</rotationalPeriod>
                <atmosphereDensity>31</atmosphereDensity>
                <generateCraters>true</generateCraters>
                <generateCaves>false</generateCaves>
                <generateVolcanos>false</generateVolcanos>
                <generateStructures>false</generateStructures>
                <generateGeodes>false</generateGeodes>
                <biomeIds>byg:bmangrovemarshes;4,minecraft:mutated_extreme_hills;30,biomesoplenty:tropical_island;30,byg:bsnowyconiferousforest;4,byg:bwhisperingwoods;2</biomeIds>
            </planet>
        </planet>
    </star>
    <star blackHole="false" name="Epsilon ire" numGasGiants="0" numPlanets="0" size="1.0" temp="170" x="-200" y="80">
        <planet DIMID="49" name="Epsilon ire 49">
            <isKnown>false</isKnown>
            <fogColor>1.0,1.0,1.0</fogColor>
            <skyColor>0.8,0.72169065,0.273378</skyColor>
            <gravitationalMultiplier>98</gravitationalMultiplier>
            <orbitalDistance>169</orbitalDistance>
            <orbitalTheta>289</orbitalTheta>
            <orbitalPhi>-84</orbitalPhi>
            <retrograde>false</retrograde>
            <avgTemperature>402</avgTemperature>
            <rotationalPeriod>25113</rotationalPeriod>
            <atmosphereDensity>131</atmosphereDensity>
            <generateCraters>false</generateCraters>
            <generateCaves>false</generateCaves>
            <generateVolcanos>false</generateVolcanos>
            <generateStructures>true</generateStructures>
            <generateGeodes>true</generateGeodes>
            <biomeIds>biomesoplenty:cherry_blossom_grove;30,byg:bmangrovemarshes;4,minecraft:mutated_extreme_hills_with_trees;30,byg:boutback;3,minecraft:jungle;30</biomeIds>
        </planet>
        <planet DIMID="50" name="Epsilon ire 50">
            <isKnown>false</isKnown>
            <fogColor>1.0,1.0,1.0</fogColor>
            <skyColor>0.8,0.5308331,0.29301202</skyColor>
            <gravitationalMultiplier>130</gravitationalMultiplier>
            <orbitalDistance>120</orbitalDistance>
            <orbitalTheta>119</orbitalTheta>
            <orbitalPhi>8</orbitalPhi>
            <retrograde>false</retrograde>
            <avgTemperature>397</avgTemperature>
            <rotationalPeriod>10923</rotationalPeriod>
            <atmosphereDensity>5</atmosphereDensity>
            <generateCraters>true</generateCraters>
            <generateCaves>false</generateCaves>
            <generateVolcanos>false</generateVolcanos>
            <generateStructures>false</generateStructures>
            <generateGeodes>false</generateGeodes>
            <biomeIds>advancedrocketry:moon;30,advancedrocketry:moondark;30</biomeIds>
            <planet DIMID="51" name="Epsilon ire 50: 0">
                <isKnown>false</isKnown>
                <fogColor>1.0,1.0,1.0</fogColor>
                <skyColor>0.8,0.746433,0.23652482</skyColor>
                <gravitationalMultiplier>47</gravitationalMultiplier>
                <orbitalDistance>111</orbitalDistance>
                <orbitalTheta>258</orbitalTheta>
                <orbitalPhi>-89</orbitalPhi>
                <retrograde>false</retrograde>
                <avgTemperature>412</avgTemperature>
                <rotationalPeriod>231162</rotationalPeriod>
                <atmosphereDensity>20</atmosphereDensity>
                <generateCraters>true</generateCraters>
                <generateCaves>false</generateCaves>
                <generateVolcanos>false</generateVolcanos>
                <generateStructures>false</generateStructures>
                <generateGeodes>false</generateGeodes>
                <biomeIds>advancedrocketry:moon;30,advancedrocketry:moondark;30</biomeIds>
            </planet>
            <planet DIMID="52" name="Epsilon ire 50: 1">
                <isKnown>false</isKnown>
                <fogColor>1.0,1.0,1.0</fogColor>
                <skyColor>0.8,0.5780488,0.47509646</skyColor>
                <gravitationalMultiplier>79</gravitationalMultiplier>
                <orbitalDistance>161</orbitalDistance>
                <orbitalTheta>83</orbitalTheta>
                <orbitalPhi>-58</orbitalPhi>
                <retrograde>false</retrograde>
                <avgTemperature>342</avgTemperature>
                <rotationalPeriod>48677</rotationalPeriod>
                <atmosphereDensity>22</atmosphereDensity>
                <generateCraters>true</generateCraters>
                <generateCaves>false</generateCaves>
                <generateVolcanos>false</generateVolcanos>
                <generateStructures>false</generateStructures>
                <generateGeodes>false</generateGeodes>
                <biomeIds>advancedrocketry:moon;30,advancedrocketry:moondark;30</biomeIds>
            </planet>
            <planet DIMID="53" name="Epsilon ire 50: 2">
                <isKnown>false</isKnown>
                <fogColor>1.0,1.0,1.0</fogColor>
                <skyColor>0.8,0.61464155,0.36047536</skyColor>
                <gravitationalMultiplier>47</gravitationalMultiplier>
                <orbitalDistance>128</orbitalDistance>
                <orbitalTheta>66</orbitalTheta>
                <orbitalPhi>-152</orbitalPhi>
                <retrograde>false</retrograde>
                <avgTemperature>384</avgTemperature>
                <rotationalPeriod>231162</rotationalPeriod>
                <atmosphereDensity>26</atmosphereDensity>
                <generateCraters>true</generateCraters>
                <generateCaves>false</generateCaves>
                <generateVolcanos>false</generateVolcanos>
                <generateStructures>false</generateStructures>
                <generateGeodes>false</generateGeodes>
                <biomeIds>byg:bdeciduousforest;4,minecraft:mutated_extreme_hills;30,minecraft:desert;30,byg:bprairie;4,biomesoplenty:bamboo_forest;30</biomeIds>
            </planet>
        </planet>
        <planet DIMID="54" name="Epsilon ire 54">
            <isKnown>false</isKnown>
            <fogColor>1.0,1.0,1.0</fogColor>
            <skyColor>0.8,0.53504014,0.0</skyColor>
            <gravitationalMultiplier>95</gravitationalMultiplier>
            <orbitalDistance>96</orbitalDistance>
            <orbitalTheta>12</orbitalTheta>
            <orbitalPhi>-3</orbitalPhi>
            <retrograde>false</retrograde>
            <avgTemperature>584</avgTemperature>
            <rotationalPeriod>27555</rotationalPeriod>
            <atmosphereDensity>188</atmosphereDensity>
            <generateCraters>false</generateCraters>
            <generateCaves>false</generateCaves>
            <generateVolcanos>true</generateVolcanos>
            <generateStructures>false</generateStructures>
            <generateGeodes>true</generateGeodes>
            <biomeIds>byg:btropical_islands;4,biomesoplenty:volcanic_island;30,biomesoplenty:corrupted_sands;30,minecraft:ocean;30,minecraft:jungle_edge;30</biomeIds>
            <oceanBlock>minecraft:lava</oceanBlock>
        </planet>
        <planet DIMID="55" name="Epsilon ire 55">
            <isKnown>false</isKnown>
            <fogColor>1.0,1.0,1.0</fogColor>
            <skyColor>0.8,0.6778641,0.0</skyColor>
            <gravitationalMultiplier>99</gravitationalMultiplier>
            <orbitalDistance>57</orbitalDistance>
            <orbitalTheta>251</orbitalTheta>
            <orbitalPhi>-142</orbitalPhi>
            <retrograde>false</retrograde>
            <avgTemperature>643</avgTemperature>
            <rotationalPeriod>24363</rotationalPeriod>
            <atmosphereDensity>97</atmosphereDensity>
            <generateCraters>false</generateCraters>
            <generateCaves>false</generateCaves>
            <generateVolcanos>true</generateVolcanos>
            <generateStructures>false</generateStructures>
            <generateGeodes>false</generateGeodes>
            <biomeIds>biomesoplenty:lush_desert;30,byg:bshrublands;3,biomesoplenty:volcanic_island;30,minecraft:frozen_ocean;30,biomesoplenty:kelp_forest;30</biomeIds>
            <oceanBlock>minecraft:lava</oceanBlock>
        </planet>
        <planet DIMID="56" name="Epsilon ire 56">
            <isKnown>false</isKnown>
            <fogColor>1.0,1.0,1.0</fogColor>
            <skyColor>0.8,0.56314814,0.53953004</skyColor>
            <gravitationalMultiplier>130</gravitationalMultiplier>
            <orbitalDistance>169</orbitalDistance>
            <orbitalTheta>122</orbitalTheta>
            <orbitalPhi>-340</orbitalPhi>
            <retrograde>false</retrograde>
            <avgTemperature>334</avgTemperature>
            <rotationalPeriod>10923</rotationalPeriod>
            <atmosphereDensity>24</atmosphereDensity>
            <generateCraters>true</generateCraters>
            <generateCaves>false</generateCaves>
            <generateVolcanos>false</generateVolcanos>
            <generateStructures>false</generateStructures>
            <generateGeodes>false</generateGeodes>
            <biomeIds>advancedrocketry:moon;30,advancedrocketry:moondark;30</biomeIds>
            <planet DIMID="57" name="Epsilon ire 56: 0">
                <isKnown>false</isKnown>
                <fogColor>1.0,1.0,1.0</fogColor>
                <skyColor>0.8,0.5806981,0.56227016</skyColor>
                <gravitationalMultiplier>40</gravitationalMultiplier>
                <orbitalDistance>193</orbitalDistance>
                <orbitalTheta>108</orbitalTheta>
                <orbitalPhi>-189</orbitalPhi>
                <retrograde>false</retrograde>
                <avgTemperature>313</avgTemperature>
                <rotationalPeriod>375000</rotationalPeriod>
                <atmosphereDensity>32</atmosphereDensity>
                <generateCraters>true</generateCraters>
                <generateCaves>false</generateCaves>
                <generateVolcanos>false</generateVolcanos>
                <generateStructures>false</generateStructures>
                <generateGeodes>false</generateGeodes>
                <biomeIds>minecraft:frozen_river;30,biomesoplenty:bog;30,biomesoplenty:coniferous_forest;30,byg:bsnowydeciduousforest;4,minecraft:frozen_ocean;30</biomeIds>
            </planet>
        </planet>
        <planet DIMID="58" name="Epsilon ire 58">
            <isKnown>false</isKnown>
            <fogColor>1.0,1.0,1.0</fogColor>
            <skyColor>0.8,0.67260325,0.0</skyColor>
            <gravitationalMultiplier>120</gravitationalMultiplier>
            <orbitalDistance>86</orbitalDistance>
            <orbitalTheta>305</orbitalTheta>
            <orbitalPhi>-86</orbitalPhi>
            <retrograde>false</retrograde>
            <avgTemperature>590</avgTemperature>
            <rotationalPeriod>13716</rotationalPeriod>
            <atmosphereDensity>157</atmosphereDensity>
            <generateCraters>false</generateCraters>
            <generateCaves>false</generateCaves>
            <generateVolcanos>true</generateVolcanos>
            <generateStructures>false</generateStructures>
            <generateGeodes>true</generateGeodes>
            <biomeIds>biomesoplenty:xeric_shrubland;30,biomesoplenty:brushland;30,byg:bsavannacanopy;3,minecraft:jungle_hills;30,minecraft:savanna_rock;30</biomeIds>
            <oceanBlock>minecraft:lava</oceanBlock>
        </planet>
        <planet DIMID="47" name="Epsilon ire 47">
            <isKnown>false</isKnown>
            <fogColor>1.0,1.0,1.0</fogColor>
            <skyColor>0.8,0.599854,0.0</skyColor>
            <gravitationalMultiplier>116</gravitationalMultiplier>
            <orbitalDistance>61</orbitalDistance>
            <orbitalTheta>271</orbitalTheta>
            <orbitalPhi>-58</orbitalPhi>
            <retrograde>false</retrograde>
            <avgTemperature>736</avgTemperature>
            <rotationalPeriod>14794</rotationalPeriod>
            <atmosphereDensity>191</atmosphereDensity>
            <generateCraters>false</generateCraters>
            <generateCaves>false</generateCaves>
            <generateVolcanos>true</generateVolcanos>
            <generateStructures>false</generateStructures>
            <generateGeodes>true</generateGeodes>
            <biomeIds>byg:bdunes;4,minecraft:frozen_ocean;30,minecraft:mutated_jungle_edge;30,byg:btropical_islands;4,biomesoplenty:kelp_forest;30</biomeIds>
            <planet DIMID="48" name="Epsilon ire 47: 0">
                <isKnown>false</isKnown>
                <fogColor>1.0,1.0,1.0</fogColor>
                <skyColor>0.8,0.7031611,0.39295</skyColor>
                <gravitationalMultiplier>47</gravitationalMultiplier>
                <orbitalDistance>124</orbitalDistance>
                <orbitalTheta>12</orbitalTheta>
                <orbitalPhi>-11</orbitalPhi>
                <retrograde>false</retrograde>
                <avgTemperature>390</avgTemperature>
                <rotationalPeriod>231162</rotationalPeriod>
                <atmosphereDensity>31</atmosphereDensity>
                <generateCraters>true</generateCraters>
                <generateCaves>false</generateCaves>
                <generateVolcanos>false</generateVolcanos>
                <generateStructures>false</generateStructures>
                <generateGeodes>false</generateGeodes>
                <biomeIds>minecraft:desert_hills;30</biomeIds>
            </planet>
            <oceanBlock>minecraft:lava</oceanBlock>
        </planet>
    </star>
    <star blackHole="false" name="Proxima Centaurs" numGasGiants="0" numPlanets="0" size="1.0" temp="200" x="-150" y="250">
        <planet DIMID="59" name="Proxima Centaurs 59">
            <isKnown>false</isKnown>
            <fogColor>1.0,1.0,1.0</fogColor>
            <skyColor>0.8,0.7495672,0.0</skyColor>
            <gravitationalMultiplier>99</gravitationalMultiplier>
            <orbitalDistance>79</orbitalDistance>
            <orbitalTheta>303</orbitalTheta>
            <orbitalPhi>334</orbitalPhi>
            <retrograde>false</retrograde>
            <avgTemperature>775</avgTemperature>
            <rotationalPeriod>24363</rotationalPeriod>
            <atmosphereDensity>206</atmosphereDensity>
            <generateCraters>false</generateCraters>
            <generateCaves>false</generateCaves>
            <generateVolcanos>true</generateVolcanos>
            <generateStructures>false</generateStructures>
            <generateGeodes>true</generateGeodes>
            <biomeIds>minecraft:desert_hills;30,biomesoplenty:visceral_heap;30,byg:bred_outlands;4,byg:bbaobabsavanna;3,biomesoplenty:kelp_forest;30</biomeIds>
            <oceanBlock>minecraft:lava</oceanBlock>
        </planet>
        <planet DIMID="60" name="Proxima Centaurs 60">
            <isKnown>false</isKnown>
            <fogColor>1.0,1.0,1.0</fogColor>
            <skyColor>0.8,0.95624614,0.0</skyColor>
            <gravitationalMultiplier>101</gravitationalMultiplier>
            <orbitalDistance>109</orbitalDistance>
            <orbitalTheta>275</orbitalTheta>
            <orbitalPhi>-215</orbitalPhi>
            <retrograde>false</retrograde>
            <avgTemperature>597</avgTemperature>
            <rotationalPeriod>22951</rotationalPeriod>
            <atmosphereDensity>138</atmosphereDensity>
            <generateCraters>false</generateCraters>
            <generateCaves>false</generateCaves>
            <generateVolcanos>true</generateVolcanos>
            <generateStructures>false</generateStructures>
            <generateGeodes>true</generateGeodes>
            <biomeIds>byg:bsonorandesert;3,advancedrocketry:oceanspires;30,byg:bsavannacanopy;3,biomesoplenty:corrupted_sands;30,minecraft:jungle;30</biomeIds>
            <planet DIMID="61" name="Proxima Centaurs 60: 0">
                <isKnown>false</isKnown>
                <fogColor>1.0,1.0,1.0</fogColor>
                <skyColor>0.8,0.5661602,0.45446473</skyColor>
                <gravitationalMultiplier>41</gravitationalMultiplier>
                <orbitalDistance>195</orbitalDistance>
                <orbitalTheta>78</orbitalTheta>
                <orbitalPhi>-221</orbitalPhi>
                <retrograde>false</retrograde>
                <avgTemperature>366</avgTemperature>
                <rotationalPeriod>348224</rotationalPeriod>
                <atmosphereDensity>17</atmosphereDensity>
                <generateCraters>true</generateCraters>
                <generateCaves>false</generateCaves>
                <generateVolcanos>false</generateVolcanos>
                <generateStructures>false</generateStructures>
                <generateGeodes>false</generateGeodes>
                <biomeIds>advancedrocketry:moon;30,advancedrocketry:moondark;30</biomeIds>
            </planet>
            <oceanBlock>minecraft:lava</oceanBlock>
        </planet>
        <planet DIMID="62" name="Proxima Centaurs 62">
            <isKnown>false</isKnown>
            <fogColor>1.0,1.0,1.0</fogColor>
            <skyColor>0.8,0.9481236,0.39177376</skyColor>
            <gravitationalMultiplier>100</gravitationalMultiplier>
            <orbitalDistance>173</orbitalDistance>
            <orbitalTheta>37</orbitalTheta>
            <orbitalPhi>0</orbitalPhi>
            <retrograde>false</retrograde>
            <avgTemperature>389</avgTemperature>
            <rotationalPeriod>23643</rotationalPeriod>
            <atmosphereDensity>42</atmosphereDensity>
            <generateCraters>true</generateCraters>
            <generateCaves>false</generateCaves>
            <generateVolcanos>false</generateVolcanos>
            <generateStructures>false</generateStructures>
            <generateGeodes>false</generateGeodes>
            <seaLevel>71</seaLevel>
            <biomeIds>biomesoplenty:brushland;30,minecraft:mutated_jungle;30,biomesoplenty:xeric_shrubland;30,biomesoplenty:mangrove;30,byg:bwoodlands;4</biomeIds>
            <planet DIMID="64" name="Proxima Centaurs 62: 1">
                <isKnown>false</isKnown>
                <fogColor>1.0,1.0,1.0</fogColor>
                <skyColor>0.8,0.82440424,0.21069282</skyColor>
                <gravitationalMultiplier>65</gravitationalMultiplier>
                <orbitalDistance>148</orbitalDistance>
                <orbitalTheta>112</orbitalTheta>
                <orbitalPhi>27</orbitalPhi>
                <retrograde>false</retrograde>
                <avgTemperature>420</avgTemperature>
                <rotationalPeriod>87391</rotationalPeriod>
                <atmosphereDensity>13</atmosphereDensity>
                <generateCraters>true</generateCraters>
                <generateCaves>false</generateCaves>
                <generateVolcanos>false</generateVolcanos>
                <generateStructures>false</generateStructures>
                <generateGeodes>false</generateGeodes>
                <biomeIds>advancedrocketry:moon;30,advancedrocketry:moondark;30</biomeIds>
            </planet>
            <planet DIMID="63" name="Proxima Centaurs 62: 0">
                <isKnown>false</isKnown>
                <fogColor>1.0,1.0,1.0</fogColor>
                <skyColor>0.8,0.89808786,0.2183342</skyColor>
                <gravitationalMultiplier>72</gravitationalMultiplier>
                <orbitalDistance>135</orbitalDistance>
                <orbitalTheta>297</orbitalTheta>
                <orbitalPhi>176</orbitalPhi>
                <retrograde>false</retrograde>
                <avgTemperature>440</avgTemperature>
                <rotationalPeriod>64300</rotationalPeriod>
                <atmosphereDensity>23</atmosphereDensity>
                <generateCraters>true</generateCraters>
                <generateCaves>false</generateCaves>
                <generateVolcanos>false</generateVolcanos>
                <generateStructures>false</generateStructures>
                <generateGeodes>false</generateGeodes>
                <biomeIds>advancedrocketry:moon;30,advancedrocketry:moondark;30</biomeIds>
            </planet>
        </planet>
    </star>
    <star blackHole="false" name="Magnis Vulpes" numGasGiants="0" numPlanets="0" size="1.0" temp="70" x="-150" y="-250">
        <planet DIMID="65" name="Magnis Vulpes 65">
            <isKnown>false</isKnown>
            <fogColor>1.0,1.0,1.0</fogColor>
            <skyColor>0.8,0.6472128,0.71715224</skyColor>
            <gravitationalMultiplier>104</gravitationalMultiplier>
            <orbitalDistance>61</orbitalDistance>
            <orbitalTheta>246</orbitalTheta>
            <orbitalPhi>-50</orbitalPhi>
            <retrograde>false</retrograde>
            <avgTemperature>284</avgTemperature>
            <rotationalPeriod>19868</rotationalPeriod>
            <atmosphereDensity>148</atmosphereDensity>
            <generateCraters>false</generateCraters>
            <generateCaves>false</generateCaves>
            <generateVolcanos>false</generateVolcanos>
            <generateStructures>true</generateStructures>
            <generateGeodes>true</generateGeodes>
            <seaLevel>78</seaLevel>
            <biomeIds>byg:btropical_islands;4,byg:bquagmire;3,byg:bskyrishighlands;2,biomesoplenty:redwood_forest;30,biomesoplenty:kelp_forest;30</biomeIds>
            <planet DIMID="66" name="Magnis Vulpes 65: 0">
                <isKnown>false</isKnown>
                <fogColor>1.0,1.0,1.0</fogColor>
                <skyColor>0.7895323,0.6028666,1.0</skyColor>
                <gravitationalMultiplier>68</gravitationalMultiplier>
                <orbitalDistance>148</orbitalDistance>
                <orbitalTheta>87</orbitalTheta>
                <orbitalPhi>-19</orbitalPhi>
                <retrograde>false</retrograde>
                <avgTemperature>147</avgTemperature>
                <rotationalPeriod>76328</rotationalPeriod>
                <atmosphereDensity>13</atmosphereDensity>
                <generateCraters>true</generateCraters>
                <generateCaves>false</generateCaves>
                <generateVolcanos>false</generateVolcanos>
                <generateStructures>false</generateStructures>
                <generateGeodes>false</generateGeodes>
                <seaLevel>77</seaLevel>
                <biomeIds>advancedrocketry:moon;30,advancedrocketry:moondark;30</biomeIds>
                <oceanBlock>advancedrocketry:oxygenfluid</oceanBlock>
            </planet>
        </planet>
        <planet DIMID="67" name="Magnis Vulpes 67">
            <isKnown>false</isKnown>
            <fogColor>1.0,1.0,1.0</fogColor>
            <skyColor>0.73481756,0.81189346,1.0</skyColor>
            <gravitationalMultiplier>130</gravitationalMultiplier>
            <orbitalDistance>160</orbitalDistance>
            <orbitalTheta>220</orbitalTheta>
            <orbitalPhi>-58</orbitalPhi>
            <retrograde>false</retrograde>
            <avgTemperature>154</avgTemperature>
            <rotationalPeriod>10923</rotationalPeriod>
            <atmosphereDensity>88</atmosphereDensity>
            <generateCraters>false</generateCraters>
            <generateCaves>false</generateCaves>
            <generateVolcanos>false</generateVolcanos>
            <generateStructures>false</generateStructures>
            <generateGeodes>false</generateGeodes>
            <seaLevel>61</seaLevel>
            <biomeIds>minecraft:mutated_roofed_forest;30,minecraft:forest;10,advancedrocketry:crystalchasms;30,biomesoplenty:land_of_lakes;30,minecraft:mutated_birch_forest_hills;30</biomeIds>
            <planet DIMID="68" name="Magnis Vulpes 67: 0">
                <isKnown>false</isKnown>
                <fogColor>1.0,1.0,1.0</fogColor>
                <skyColor>0.7271791,0.6120515,1.0</skyColor>
                <gravitationalMultiplier>81</gravitationalMultiplier>
                <orbitalDistance>152</orbitalDistance>
                <orbitalTheta>244</orbitalTheta>
                <orbitalPhi>-257</orbitalPhi>
                <retrograde>false</retrograde>
                <avgTemperature>145</avgTemperature>
                <rotationalPeriod>45160</rotationalPeriod>
                <atmosphereDensity>28</atmosphereDensity>
                <generateCraters>true</generateCraters>
                <generateCaves>false</generateCaves>
                <generateVolcanos>false</generateVolcanos>
                <generateStructures>false</generateStructures>
                <generateGeodes>false</generateGeodes>
                <biomeIds>minecraft:mutated_jungle_edge;30,biomesoplenty:quagmire;30,minecraft:mutated_roofed_forest;30,biomesoplenty:brushland;30,minecraft:smaller_extreme_hills;30</biomeIds>
            </planet>
            <planet DIMID="69" name="Magnis Vulpes 67: 1">
                <isKnown>false</isKnown>
                <fogColor>1.0,1.0,1.0</fogColor>
                <skyColor>0.7349214,0.71149945,1.0</skyColor>
                <gravitationalMultiplier>41</gravitationalMultiplier>
                <orbitalDistance>164</orbitalDistance>
                <orbitalTheta>53</orbitalTheta>
                <orbitalPhi>-89</orbitalPhi>
                <retrograde>false</retrograde>
                <avgTemperature>139</avgTemperature>
                <rotationalPeriod>348224</rotationalPeriod>
                <atmosphereDensity>31</atmosphereDensity>
                <generateCraters>true</generateCraters>
                <generateCaves>false</generateCaves>
                <generateVolcanos>false</generateVolcanos>
                <generateStructures>false</generateStructures>
                <generateGeodes>false</generateGeodes>
                <biomeIds>biomesoplenty:grove;30,biomesoplenty:lavender_fields;30,biomesoplenty:mangrove;30,biomesoplenty:corrupted_sands;30,byg:bjacarandaforest;4</biomeIds>
            </planet>
            <planet DIMID="70" name="Magnis Vulpes 67: 2">
                <isKnown>false</isKnown>
                <fogColor>1.0,1.0,1.0</fogColor>
                <skyColor>0.73979497,0.52828467,1.0</skyColor>
                <gravitationalMultiplier>62</gravitationalMultiplier>
                <orbitalDistance>166</orbitalDistance>
                <orbitalTheta>262</orbitalTheta>
                <orbitalPhi>-213</orbitalPhi>
                <retrograde>false</retrograde>
                <avgTemperature>138</avgTemperature>
                <rotationalPeriod>100701</rotationalPeriod>
                <atmosphereDensity>36</atmosphereDensity>
                <generateCraters>true</generateCraters>
                <generateCaves>false</generateCaves>
                <generateVolcanos>false</generateVolcanos>
                <generateStructures>false</generateStructures>
                <generateGeodes>false</generateGeodes>
                <biomeIds>byg:btropicalrainforest;4,advancedrocketry:oceanspires;30,biomesoplenty:quagmire;30,minecraft:mutated_birch_forest_hills;30,byg:bquagmire;3</biomeIds>
            </planet>
        </planet>
    </star>
    <star blackHole="false" name="Ma-Roo" numGasGiants="0" numPlanets="0" size="1.0" temp="200" x="50" y="-250">
        <planet DIMID="81" name="Ma-Roo 81">
            <isKnown>false</isKnown>
            <fogColor>1.0,1.0,1.0</fogColor>
            <skyColor>0.8,0.95940274,0.1672793</skyColor>
            <gravitationalMultiplier>127</gravitationalMultiplier>
            <orbitalDistance>134</orbitalDistance>
            <orbitalTheta>327</orbitalTheta>
            <orbitalPhi>-276</orbitalPhi>
            <retrograde>false</retrograde>
            <avgTemperature>442</avgTemperature>
            <rotationalPeriod>11579</rotationalPeriod>
            <atmosphereDensity>0</atmosphereDensity>
            <generateCraters>true</generateCraters>
            <generateCaves>false</generateCaves>
            <generateVolcanos>false</generateVolcanos>
            <generateStructures>false</generateStructures>
            <generateGeodes>false</generateGeodes>
            <biomeIds>advancedrocketry:moon;30,advancedrocketry:moondark;30</biomeIds>
            <planet DIMID="82" name="Ma-Roo 81: 0">
                <isKnown>false</isKnown>
                <fogColor>1.0,1.0,1.0</fogColor>
                <skyColor>0.8,0.6145314,0.16288555</skyColor>
                <gravitationalMultiplier>72</gravitationalMultiplier>
                <orbitalDistance>124</orbitalDistance>
                <orbitalTheta>121</orbitalTheta>
                <orbitalPhi>-275</orbitalPhi>
                <retrograde>false</retrograde>
                <avgTemperature>459</avgTemperature>
                <rotationalPeriod>64300</rotationalPeriod>
                <atmosphereDensity>25</atmosphereDensity>
                <generateCraters>true</generateCraters>
                <generateCaves>false</generateCaves>
                <generateVolcanos>true</generateVolcanos>
                <generateStructures>false</generateStructures>
                <generateGeodes>false</generateGeodes>
                <biomeIds>advancedrocketry:moon;30,advancedrocketry:moondark;30</biomeIds>
                <oceanBlock>minecraft:lava</oceanBlock>
            </planet>
        </planet>
        <planet DIMID="71" name="Ma-Roo 71">
            <isKnown>false</isKnown>
            <fogColor>1.0,1.0,1.0</fogColor>
            <skyColor>0.8,0.778291,0.0</skyColor>
            <gravitationalMultiplier>88</gravitationalMultiplier>
            <orbitalDistance>47</orbitalDistance>
            <orbitalTheta>89</orbitalTheta>
            <orbitalPhi>126</orbitalPhi>
            <retrograde>false</retrograde>
            <avgTemperature>1016</avgTemperature>
            <rotationalPeriod>34624</rotationalPeriod>
            <atmosphereDensity>215</atmosphereDensity>
            <generateCraters>false</generateCraters>
            <generateCaves>false</generateCaves>
            <generateVolcanos>true</generateVolcanos>
            <generateStructures>false</generateStructures>
            <generateGeodes>true</generateGeodes>
            <biomeIds>advancedrocketry:volcanicbarren;30,biomesoplenty:fungi_forest;30,minecraft:mutated_jungle;30,biomesoplenty:lush_desert;30,byg:blushdesert;4</biomeIds>
            <oceanBlock>minecraft:lava</oceanBlock>
        </planet>
        <planet DIMID="72" name="Ma-Roo 72">
            <isKnown>false</isKnown>
            <fogColor>1.0,1.0,1.0</fogColor>
            <skyColor>0.8,0.8873663,0.0</skyColor>
            <gravitationalMultiplier>130</gravitationalMultiplier>
            <orbitalDistance>108</orbitalDistance>
            <orbitalTheta>220</orbitalTheta>
            <orbitalPhi>-177</orbitalPhi>
            <retrograde>false</retrograde>
            <avgTemperature>556</avgTemperature>
            <rotationalPeriod>10923</rotationalPeriod>
            <atmosphereDensity>102</atmosphereDensity>
            <generateCraters>false</generateCraters>
            <generateCaves>false</generateCaves>
            <generateVolcanos>true</generateVolcanos>
            <generateStructures>false</generateStructures>
            <generateGeodes>false</generateGeodes>
            <biomeIds>byg:bcrystal_canyons;2,biomesoplenty:lush_desert;30,minecraft:savanna;30,biomesoplenty:outback;30,byg:btropical_islands;4</biomeIds>
            <planet DIMID="73" name="Ma-Roo 72: 0">
                <isKnown>false</isKnown>
                <fogColor>1.0,1.0,1.0</fogColor>
                <skyColor>0.8,0.77667356,0.083590865</skyColor>
                <gravitationalMultiplier>49</gravitationalMultiplier>
                <orbitalDistance>113</orbitalDistance>
                <orbitalTheta>137</orbitalTheta>
                <orbitalPhi>88</orbitalPhi>
                <retrograde>false</retrograde>
                <avgTemperature>481</avgTemperature>
                <rotationalPeriod>203996</rotationalPeriod>
                <atmosphereDensity>23</atmosphereDensity>
                <generateCraters>true</generateCraters>
                <generateCaves>false</generateCaves>
                <generateVolcanos>true</generateVolcanos>
                <generateStructures>false</generateStructures>
                <generateGeodes>false</generateGeodes>
                <biomeIds>advancedrocketry:moon;30,advancedrocketry:moondark;30</biomeIds>
                <oceanBlock>minecraft:lava</oceanBlock>
            </planet>
            <oceanBlock>minecraft:lava</oceanBlock>
        </planet>
        <planet DIMID="74" name="Ma-Roo 74">
            <isKnown>false</isKnown>
            <fogColor>1.0,1.0,1.0</fogColor>
            <skyColor>0.8,0.756947,0.29614043</skyColor>
            <gravitationalMultiplier>116</gravitationalMultiplier>
            <orbitalDistance>156</orbitalDistance>
            <orbitalTheta>286</orbitalTheta>
            <orbitalPhi>-248</orbitalPhi>
            <retrograde>false</retrograde>
            <avgTemperature>409</avgTemperature>
            <rotationalPeriod>15178</rotationalPeriod>
            <atmosphereDensity>0</atmosphereDensity>
            <generateCraters>true</generateCraters>
            <generateCaves>false</generateCaves>
            <generateVolcanos>false</generateVolcanos>
            <generateStructures>false</generateStructures>
            <generateGeodes>false</generateGeodes>
            <biomeIds>advancedrocketry:moon;30,advancedrocketry:moondark;30</biomeIds>
            <planet DIMID="75" name="Ma-Roo 74: 0">
                <isKnown>false</isKnown>
                <fogColor>1.0,1.0,1.0</fogColor>
                <skyColor>0.8,0.7057614,0.19652319</skyColor>
                <gravitationalMultiplier>36</gravitationalMultiplier>
                <orbitalDistance>140</orbitalDistance>
                <orbitalTheta>308</orbitalTheta>
                <orbitalPhi>-66</orbitalPhi>
                <retrograde>false</retrograde>
                <avgTemperature>432</avgTemperature>
                <rotationalPeriod>514403</rotationalPeriod>
                <atmosphereDensity>31</atmosphereDensity>
                <generateCraters>true</generateCraters>
                <generateCaves>false</generateCaves>
                <generateVolcanos>false</generateVolcanos>
                <generateStructures>false</generateStructures>
                <generateGeodes>false</generateGeodes>
                <biomeIds>minecraft:desert_hills;30</biomeIds>
            </planet>
            <planet DIMID="76" name="Ma-Roo 74: 1">
                <isKnown>false</isKnown>
                <fogColor>1.0,1.0,1.0</fogColor>
                <skyColor>0.8,0.5221383,0.24016273</skyColor>
                <gravitationalMultiplier>77</gravitationalMultiplier>
                <orbitalDistance>154</orbitalDistance>
                <orbitalTheta>340</orbitalTheta>
                <orbitalPhi>-115</orbitalPhi>
                <retrograde>false</retrograde>
                <avgTemperature>412</avgTemperature>
                <rotationalPeriod>52570</rotationalPeriod>
                <atmosphereDensity>20</atmosphereDensity>
                <generateCraters>true</generateCraters>
                <generateCaves>false</generateCaves>
                <generateVolcanos>false</generateVolcanos>
                <generateStructures>false</generateStructures>
                <generateGeodes>false</generateGeodes>
                <biomeIds>advancedrocketry:moon;30,advancedrocketry:moondark;30</biomeIds>
            </planet>
            <planet DIMID="77" name="Ma-Roo 74: 2">
                <isKnown>false</isKnown>
                <fogColor>1.0,1.0,1.0</fogColor>
                <skyColor>0.8,0.526829,0.1582601</skyColor>
                <gravitationalMultiplier>70</gravitationalMultiplier>
                <orbitalDistance>128</orbitalDistance>
                <orbitalTheta>140</orbitalTheta>
                <orbitalPhi>-206</orbitalPhi>
                <retrograde>false</retrograde>
                <avgTemperature>452</avgTemperature>
                <rotationalPeriod>69970</rotationalPeriod>
                <atmosphereDensity>37</atmosphereDensity>
                <generateCraters>true</generateCraters>
                <generateCaves>false</generateCaves>
                <generateVolcanos>true</generateVolcanos>
                <generateStructures>false</generateStructures>
                <generateGeodes>false</generateGeodes>
                <biomeIds>byg:bdeadsea;2,minecraft:mutated_mesa_rock;30,minecraft:mutated_mesa_clear_rock;30,minecraft:desert;30,biomesoplenty:volcanic_island;30</biomeIds>
                <oceanBlock>minecraft:lava</oceanBlock>
            </planet>
        </planet>
        <planet DIMID="78" name="Ma-Roo 78">
            <isKnown>false</isKnown>
            <fogColor>1.0,1.0,1.0</fogColor>
            <skyColor>0.8,0.8946148,0.0</skyColor>
            <gravitationalMultiplier>130</gravitationalMultiplier>
            <orbitalDistance>101</orbitalDistance>
            <orbitalTheta>201</orbitalTheta>
            <orbitalPhi>41</orbitalPhi>
            <retrograde>false</retrograde>
            <avgTemperature>691</avgTemperature>
            <rotationalPeriod>10923</rotationalPeriod>
            <atmosphereDensity>213</atmosphereDensity>
            <generateCraters>false</generateCraters>
            <generateCaves>false</generateCaves>
            <generateVolcanos>true</generateVolcanos>
            <generateStructures>false</generateStructures>
            <generateGeodes>true</generateGeodes>
            <biomeIds>minecraft:mutated_desert;30,biomesoplenty:kelp_forest;30,biomesoplenty:outback;30,advancedrocketry:marsh;30,minecraft:mutated_mesa_clear_rock;30</biomeIds>
            <oceanBlock>minecraft:lava</oceanBlock>
        </planet>
        <planet DIMID="79" name="Ma-Roo 79">
            <isKnown>false</isKnown>
            <fogColor>1.0,1.0,1.0</fogColor>
            <skyColor>0.8,0.9425483,0.0</skyColor>
            <gravitationalMultiplier>123</gravitationalMultiplier>
            <orbitalDistance>48</orbitalDistance>
            <orbitalTheta>298</orbitalTheta>
            <orbitalPhi>-124</orbitalPhi>
            <retrograde>false</retrograde>
            <avgTemperature>815</avgTemperature>
            <rotationalPeriod>12741</rotationalPeriod>
            <atmosphereDensity>93</atmosphereDensity>
            <generateCraters>false</generateCraters>
            <generateCaves>false</generateCaves>
            <generateVolcanos>true</generateVolcanos>
            <generateStructures>false</generateStructures>
            <generateGeodes>false</generateGeodes>
            <biomeIds>byg:bbaobabsavanna;3,minecraft:ocean;30,minecraft:jungle_edge;30,byg:bred_outlands;4,minecraft:mutated_savanna_rock;30</biomeIds>
            <planet DIMID="80" name="Ma-Roo 79: 0">
                <isKnown>false</isKnown>
                <fogColor>1.0,1.0,1.0</fogColor>
                <skyColor>0.8,0.8038655,0.24703741</skyColor>
                <gravitationalMultiplier>49</gravitationalMultiplier>
                <orbitalDistance>148</orbitalDistance>
                <orbitalTheta>96</orbitalTheta>
                <orbitalPhi>-227</orbitalPhi>
                <retrograde>false</retrograde>
                <avgTemperature>420</avgTemperature>
                <rotationalPeriod>203996</rotationalPeriod>
                <atmosphereDensity>28</atmosphereDensity>
                <generateCraters>true</generateCraters>
                <generateCaves>false</generateCaves>
                <generateVolcanos>false</generateVolcanos>
                <generateStructures>false</generateStructures>
                <generateGeodes>false</generateGeodes>
                <biomeIds>byg:baspenforest;3,minecraft:mutated_desert;30,biomesoplenty:chaparral;30,minecraft:mutated_redwood_taiga;30,minecraft:swampland;10</biomeIds>
            </planet>
            <oceanBlock>minecraft:lava</oceanBlock>
        </planet>
    </star>
    <star blackHole="false" name="Alykitt" numGasGiants="0" numPlanets="0" size="1.0" temp="120" x="75" y="200">
        <planet DIMID="83" name="Alykitt 83">
            <isKnown>false</isKnown>
            <GasGiant>true</GasGiant>
            <gas>hydrogen</gas>
            <fogColor>1.0,1.0,1.0</fogColor>
            <skyColor>1.0,1.0,1.0</skyColor>
            <gravitationalMultiplier>130</gravitationalMultiplier>
            <orbitalDistance>193</orbitalDistance>
            <orbitalTheta>0</orbitalTheta>
            <orbitalPhi>0</orbitalPhi>
            <retrograde>false</retrograde>
            <avgTemperature>281</avgTemperature>
            <rotationalPeriod>24000</rotationalPeriod>
            <atmosphereDensity>165</atmosphereDensity>
            <generateCraters>false</generateCraters>
            <generateCaves>false</generateCaves>
            <generateVolcanos>false</generateVolcanos>
            <generateStructures>false</generateStructures>
            <generateGeodes>false</generateGeodes>
            <planet DIMID="84" name="Alykitt 83: 0">
                <isKnown>false</isKnown>
                <fogColor>1.0,1.0,1.0</fogColor>
                <skyColor>0.8,0.73933184,0.7877076</skyColor>
                <gravitationalMultiplier>77</gravitationalMultiplier>
                <orbitalDistance>126</orbitalDistance>
                <orbitalTheta>19</orbitalTheta>
                <orbitalPhi>-158</orbitalPhi>
                <retrograde>false</retrograde>
                <avgTemperature>273</avgTemperature>
                <rotationalPeriod>52570</rotationalPeriod>
                <atmosphereDensity>17</atmosphereDensity>
                <generateCraters>true</generateCraters>
                <generateCaves>false</generateCaves>
                <generateVolcanos>false</generateVolcanos>
                <generateStructures>false</generateStructures>
                <generateGeodes>false</generateGeodes>
                <biomeIds>advancedrocketry:moon;30,advancedrocketry:moondark;30</biomeIds>
            </planet>
            <planet DIMID="85" name="Alykitt 83: 1">
                <isKnown>false</isKnown>
                <fogColor>1.0,1.0,1.0</fogColor>
                <skyColor>0.8,0.59612274,0.8478131</skyColor>
                <gravitationalMultiplier>81</gravitationalMultiplier>
                <orbitalDistance>146</orbitalDistance>
                <orbitalTheta>173</orbitalTheta>
                <orbitalPhi>-40</orbitalPhi>
                <retrograde>false</retrograde>
                <avgTemperature>254</avgTemperature>
                <rotationalPeriod>45160</rotationalPeriod>
                <atmosphereDensity>22</atmosphereDensity>
                <generateCraters>true</generateCraters>
                <generateCaves>false</generateCaves>
                <generateVolcanos>false</generateVolcanos>
                <generateStructures>false</generateStructures>
                <generateGeodes>false</generateGeodes>
                <biomeIds>advancedrocketry:moon;30,advancedrocketry:moondark;30</biomeIds>
            </planet>
        </planet>
        <planet DIMID="86" name="Alykitt 86">
            <isKnown>false</isKnown>
            <fogColor>1.0,1.0,1.0</fogColor>
            <skyColor>0.8,0.6375249,0.0</skyColor>
            <gravitationalMultiplier>121</gravitationalMultiplier>
            <orbitalDistance>14</orbitalDistance>
            <orbitalTheta>189</orbitalTheta>
            <orbitalPhi>-186</orbitalPhi>
            <retrograde>false</retrograde>
            <avgTemperature>1070</avgTemperature>
            <rotationalPeriod>13380</rotationalPeriod>
            <atmosphereDensity>181</atmosphereDensity>
            <generateCraters>false</generateCraters>
            <generateCaves>false</generateCaves>
            <generateVolcanos>true</generateVolcanos>
            <generateStructures>false</generateStructures>
            <generateGeodes>true</generateGeodes>
            <biomeIds>byg:bdeadsea;2,advancedrocketry:volcanicbarren;30,minecraft:deep_ocean;30,advancedrocketry:oceanspires;30,byg:boutlands;4</biomeIds>
            <oceanBlock>minecraft:lava</oceanBlock>
        </planet>
        <planet DIMID="87" name="Alykitt 87">
            <isKnown>false</isKnown>
            <fogColor>1.0,1.0,1.0</fogColor>
            <skyColor>0.8,0.9936938,0.59186214</skyColor>
            <gravitationalMultiplier>107</gravitationalMultiplier>
            <orbitalDistance>158</orbitalDistance>
            <orbitalTheta>267</orbitalTheta>
            <orbitalPhi>29</orbitalPhi>
            <retrograde>false</retrograde>
            <avgTemperature>303</avgTemperature>
            <rotationalPeriod>19319</rotationalPeriod>
            <atmosphereDensity>149</atmosphereDensity>
            <generateCraters>false</generateCraters>
            <generateCaves>false</generateCaves>
            <generateVolcanos>false</generateVolcanos>
            <generateStructures>true</generateStructures>
            <generateGeodes>true</generateGeodes>
            <biomeIds>byg:bstellatapasture;3,minecraft:mutated_birch_forest_hills;30,biomesoplenty:mangrove;30,biomesoplenty:coral_reef;30,byg:bcherrygrove;4</biomeIds>
            <planet DIMID="88" name="Alykitt 87: 0">
                <isKnown>false</isKnown>
                <fogColor>1.0,1.0,1.0</fogColor>
                <skyColor>0.8,0.9495322,0.8667184</skyColor>
                <gravitationalMultiplier>51</gravitationalMultiplier>
                <orbitalDistance>190</orbitalDistance>
                <orbitalTheta>156</orbitalTheta>
                <orbitalPhi>31</orbitalPhi>
                <retrograde>false</retrograde>
                <avgTemperature>222</avgTemperature>
                <rotationalPeriod>180925</rotationalPeriod>
                <atmosphereDensity>36</atmosphereDensity>
                <generateCraters>true</generateCraters>
                <generateCaves>false</generateCaves>
                <generateVolcanos>false</generateVolcanos>
                <generateStructures>false</generateStructures>
                <generateGeodes>false</generateGeodes>
                <biomeIds>biomesoplenty:fungi_forest;30,biomesoplenty:steppe;30,minecraft:jungle_hills;30,byg:bdunes;4,minecraft:mesa_rock;30</biomeIds>
            </planet>
        </planet>
        <planet DIMID="89" name="Alykitt 89">
            <isKnown>false</isKnown>
            <fogColor>1.0,1.0,1.0</fogColor>
            <skyColor>0.8,0.81163347,0.83511895</skyColor>
            <gravitationalMultiplier>116</gravitationalMultiplier>
            <orbitalDistance>148</orbitalDistance>
            <orbitalTheta>41</orbitalTheta>
            <orbitalPhi>71</orbitalPhi>
            <retrograde>false</retrograde>
            <avgTemperature>252</avgTemperature>
            <rotationalPeriod>14794</rotationalPeriod>
            <atmosphereDensity>41</atmosphereDensity>
            <generateCraters>true</generateCraters>
            <generateCaves>false</generateCaves>
            <generateVolcanos>false</generateVolcanos>
            <generateStructures>false</generateStructures>
            <generateGeodes>false</generateGeodes>
            <biomeIds>minecraft:desert_hills;30,biomesoplenty:phantasmagoric_inferno;30,byg:bfungaljungle;3,byg:bfloweringplains;2,byg:bdeciduousforest;4</biomeIds>
        </planet>
    </star>
</galaxy>
