<?xml version="1.0" encoding="UTF-8" standalone="no"?>
<galaxy>
    <star blackHole="false" name="Sol" numGasGiants="0" numPlanets="0" size="1.0" temp="100" x="0" y="0">
        <planet DIMID="0" dimMapping="" name="Earth">
            <isKnown>true</isKnown>
            <fogColor>1.0,1.0,1.0</fogColor>
            <skyColor>1.0,1.0,1.0</skyColor>
            <gravitationalMultiplier>100</gravitationalMultiplier>
            <orbitalDistance>100</orbitalDistance>
            <orbitalTheta>0</orbitalTheta>
            <orbitalPhi>0</orbitalPhi>
            <retrograde>false</retrograde>
            <avgTemperature>287</avgTemperature>
            <rotationalPeriod>24000</rotationalPeriod>
            <atmosphereDensity>100</atmosphereDensity>
            <generateCraters>false</generateCraters>
            <generateCaves>false</generateCaves>
            <generateVolcanos>false</generateVolcanos>
            <generateStructures>false</generateStructures>
            <generateGeodes>false</generateGeodes>
            <planet DIMID="2" name="Luna">
                <isKnown>false</isKnown>
                <fogColor>1.0,1.0,1.0</fogColor>
                <skyColor>1.0,1.0,1.0</skyColor>
                <gravitationalMultiplier>16</gravitationalMultiplier>
                <orbitalDistance>150</orbitalDistance>
                <orbitalTheta>0</orbitalTheta>
                <orbitalPhi>0</orbitalPhi>
                <retrograde>false</retrograde>
                <avgTemperature>255</avgTemperature>
                <rotationalPeriod>128000</rotationalPeriod>
                <atmosphereDensity>0</atmosphereDensity>
                <generateCraters>true</generateCraters>
                <generateCaves>false</generateCaves>
                <generateVolcanos>false</generateVolcanos>
                <generateStructures>false</generateStructures>
                <generateGeodes>false</generateGeodes>
                <biomeIds>advancedrocketry:moon;30,advancedrocketry:moondark;30</biomeIds>
            </planet>
        </planet>
        <planet DIMID="17" name="Sol 17">
            <isKnown>false</isKnown>
            <fogColor>1.0,1.0,1.0</fogColor>
            <skyColor>0.8,0.90534306,0.6419039</skyColor>
            <gravitationalMultiplier>87</gravitationalMultiplier>
            <orbitalDistance>134</orbitalDistance>
            <orbitalTheta>209</orbitalTheta>
            <orbitalPhi>-188</orbitalPhi>
            <retrograde>false</retrograde>
            <avgTemperature>300</avgTemperature>
            <rotationalPeriod>35825</rotationalPeriod>
            <atmosphereDensity>213</atmosphereDensity>
            <generateCraters>false</generateCraters>
            <generateCaves>false</generateCaves>
            <generateVolcanos>false</generateVolcanos>
            <generateStructures>false</generateStructures>
            <generateGeodes>true</generateGeodes>
            <biomeIds>minecraft:desert_hills;30</biomeIds>
        </planet>
        <planet DIMID="18" name="Sol 18">
            <isKnown>false</isKnown>
            <fogColor>1.0,1.0,1.0</fogColor>
            <skyColor>0.8,0.86242753,0.8978912</skyColor>
            <gravitationalMultiplier>130</gravitationalMultiplier>
            <orbitalDistance>136</orbitalDistance>
            <orbitalTheta>3</orbitalTheta>
            <orbitalPhi>-44</orbitalPhi>
            <retrograde>false</retrograde>
            <avgTemperature>224</avgTemperature>
            <rotationalPeriod>10923</rotationalPeriod>
            <atmosphereDensity>68</atmosphereDensity>
            <generateCraters>true</generateCraters>
            <generateCaves>false</generateCaves>
            <generateVolcanos>false</generateVolcanos>
            <generateStructures>false</generateStructures>
            <generateGeodes>false</generateGeodes>
            <seaLevel>62</seaLevel>
            <biomeIds>byg:bchaparrallowlands;4,biomesoplenty:cherry_blossom_grove;30,minecraft:mutated_extreme_hills;30,biomesoplenty:grove;30,biomesoplenty:phantasmagoric_inferno;30</biomeIds>
            <planet DIMID="19" name="Sol 18: 0">
                <isKnown>false</isKnown>
                <fogColor>1.0,1.0,1.0</fogColor>
                <skyColor>0.8,0.50344706,0.92354584</skyColor>
                <gravitationalMultiplier>67</gravitationalMultiplier>
                <orbitalDistance>134</orbitalDistance>
                <orbitalTheta>113</orbitalTheta>
                <orbitalPhi>-22</orbitalPhi>
                <retrograde>false</retrograde>
                <avgTemperature>221</avgTemperature>
                <rotationalPeriod>79797</rotationalPeriod>
                <atmosphereDensity>22</atmosphereDensity>
                <generateCraters>true</generateCraters>
                <generateCaves>false</generateCaves>
                <generateVolcanos>false</generateVolcanos>
                <generateStructures>false</generateStructures>
                <generateGeodes>false</generateGeodes>
                <seaLevel>65</seaLevel>
                <biomeIds>advancedrocketry:moon;30,advancedrocketry:moondark;30</biomeIds>
            </planet>
        </planet>
        <planet DIMID="3" name="Sol 3">
            <isKnown>false</isKnown>
            <GasGiant>true</GasGiant>
            <fogColor>1.0,1.0,1.0</fogColor>
            <skyColor>1.0,1.0,1.0</skyColor>
            <gravitationalMultiplier>124</gravitationalMultiplier>
            <orbitalDistance>264</orbitalDistance>
            <orbitalTheta>0</orbitalTheta>
            <orbitalPhi>0</orbitalPhi>
            <retrograde>false</retrograde>
            <avgTemperature>183</avgTemperature>
            <rotationalPeriod>24000</rotationalPeriod>
            <atmosphereDensity>116</atmosphereDensity>
            <generateCraters>false</generateCraters>
            <generateCaves>false</generateCaves>
            <generateVolcanos>false</generateVolcanos>
            <generateStructures>false</generateStructures>
            <generateGeodes>false</generateGeodes>
            <planet DIMID="4" name="Sol 3: 0">
                <isKnown>false</isKnown>
                <fogColor>1.0,1.0,1.0</fogColor>
                <skyColor>0.8,0.79661286,0.93743205</skyColor>
                <gravitationalMultiplier>60</gravitationalMultiplier>
                <orbitalDistance>133</orbitalDistance>
                <orbitalTheta>49</orbitalTheta>
                <orbitalPhi>0</orbitalPhi>
                <retrograde>false</retrograde>
                <avgTemperature>221</avgTemperature>
                <rotationalPeriod>111111</rotationalPeriod>
                <atmosphereDensity>30</atmosphereDensity>
                <generateCraters>true</generateCraters>
                <generateCaves>false</generateCaves>
                <generateVolcanos>false</generateVolcanos>
                <generateStructures>false</generateStructures>
                <generateGeodes>false</generateGeodes>
                <biomeIds>byg:baspenforest;3,byg:bsavannacanopy;3,minecraft:jungle;30,minecraft:roofed_forest;10,minecraft:stone_beach;30</biomeIds>
            </planet>
            <planet DIMID="5" name="Sol 3: 1">
                <isKnown>false</isKnown>
                <fogColor>1.0,1.0,1.0</fogColor>
                <skyColor>0.8,0.65487653,0.98635525</skyColor>
                <gravitationalMultiplier>76</gravitationalMultiplier>
                <orbitalDistance>187</orbitalDistance>
                <orbitalTheta>92</orbitalTheta>
                <orbitalPhi>-1</orbitalPhi>
                <retrograde>false</retrograde>
                <avgTemperature>187</avgTemperature>
                <rotationalPeriod>54672</rotationalPeriod>
                <atmosphereDensity>14</atmosphereDensity>
                <generateCraters>true</generateCraters>
                <generateCaves>false</generateCaves>
                <generateVolcanos>false</generateVolcanos>
                <generateStructures>false</generateStructures>
                <generateGeodes>false</generateGeodes>
                <biomeIds>advancedrocketry:moon;30,advancedrocketry:moondark;30</biomeIds>
            </planet>
            <planet DIMID="6" name="Sol 3: 2">
                <isKnown>false</isKnown>
                <fogColor>1.0,1.0,1.0</fogColor>
                <skyColor>0.8,0.75602734,1.0</skyColor>
                <gravitationalMultiplier>41</gravitationalMultiplier>
                <orbitalDistance>185</orbitalDistance>
                <orbitalTheta>292</orbitalTheta>
                <orbitalPhi>160</orbitalPhi>
                <retrograde>false</retrograde>
                <avgTemperature>188</avgTemperature>
                <rotationalPeriod>348224</rotationalPeriod>
                <atmosphereDensity>26</atmosphereDensity>
                <generateCraters>true</generateCraters>
                <generateCaves>false</generateCaves>
                <generateVolcanos>false</generateVolcanos>
                <generateStructures>false</generateStructures>
                <generateGeodes>false</generateGeodes>
                <biomeIds>minecraft:mutated_mesa_rock;30,byg:bancientforest;2,biomesoplenty:oasis;30,byg:bmangrovemarshes;4,minecraft:mushroom_island;30</biomeIds>
            </planet>
        </planet>
        <planet DIMID="20" name="Sol 20">
            <isKnown>false</isKnown>
            <fogColor>1.0,1.0,1.0</fogColor>
            <skyColor>0.8,0.9965212,0.78633</skyColor>
            <gravitationalMultiplier>114</gravitationalMultiplier>
            <orbitalDistance>100</orbitalDistance>
            <orbitalTheta>72</orbitalTheta>
            <orbitalPhi>-112</orbitalPhi>
            <retrograde>false</retrograde>
            <avgTemperature>255</avgTemperature>
            <rotationalPeriod>15988</rotationalPeriod>
            <atmosphereDensity>0</atmosphereDensity>
            <generateCraters>true</generateCraters>
            <generateCaves>false</generateCaves>
            <generateVolcanos>false</generateVolcanos>
            <generateStructures>false</generateStructures>
            <generateGeodes>false</generateGeodes>
            <seaLevel>74</seaLevel>
            <biomeIds>advancedrocketry:moon;30,advancedrocketry:moondark;30</biomeIds>
            <planet DIMID="21" name="Sol 20: 0">
                <isKnown>false</isKnown>
                <fogColor>1.0,1.0,1.0</fogColor>
                <skyColor>0.8,0.6070334,1.0</skyColor>
                <gravitationalMultiplier>63</gravitationalMultiplier>
                <orbitalDistance>197</orbitalDistance>
                <orbitalTheta>332</orbitalTheta>
                <orbitalPhi>-270</orbitalPhi>
                <retrograde>false</retrograde>
                <avgTemperature>182</avgTemperature>
                <rotationalPeriod>95981</rotationalPeriod>
                <atmosphereDensity>31</atmosphereDensity>
                <generateCraters>true</generateCraters>
                <generateCaves>false</generateCaves>
                <generateVolcanos>false</generateVolcanos>
                <generateStructures>false</generateStructures>
                <generateGeodes>false</generateGeodes>
                <biomeIds>byg:baspenforest;3,byg:bmangrovemarshes;4,biomesoplenty:tropical_island;30,byg:bcrystal_canyons;2,biomesoplenty:coral_reef;30</biomeIds>
            </planet>
            <planet DIMID="22" name="Sol 20: 1">
                <isKnown>false</isKnown>
                <fogColor>1.0,1.0,1.0</fogColor>
                <skyColor>0.8,0.9525362,1.0</skyColor>
                <gravitationalMultiplier>61</gravitationalMultiplier>
                <orbitalDistance>194</orbitalDistance>
                <orbitalTheta>228</orbitalTheta>
                <orbitalPhi>-76</orbitalPhi>
                <retrograde>false</retrograde>
                <avgTemperature>183</avgTemperature>
                <rotationalPeriod>105735</rotationalPeriod>
                <atmosphereDensity>23</atmosphereDensity>
                <generateCraters>true</generateCraters>
                <generateCaves>false</generateCaves>
                <generateVolcanos>false</generateVolcanos>
                <generateStructures>false</generateStructures>
                <generateGeodes>false</generateGeodes>
                <biomeIds>advancedrocketry:moon;30,advancedrocketry:moondark;30</biomeIds>
            </planet>
            <planet DIMID="23" name="Sol 20: 2">
                <isKnown>false</isKnown>
                <fogColor>1.0,1.0,1.0</fogColor>
                <skyColor>0.8,0.89212024,0.897341</skyColor>
                <gravitationalMultiplier>45</gravitationalMultiplier>
                <orbitalDistance>119</orbitalDistance>
                <orbitalTheta>68</orbitalTheta>
                <orbitalPhi>-177</orbitalPhi>
                <retrograde>false</retrograde>
                <avgTemperature>234</avgTemperature>
                <rotationalPeriod>263374</rotationalPeriod>
                <atmosphereDensity>37</atmosphereDensity>
                <generateCraters>true</generateCraters>
                <generateCaves>false</generateCaves>
                <generateVolcanos>false</generateVolcanos>
                <generateStructures>false</generateStructures>
                <generateGeodes>false</generateGeodes>
                <biomeIds>minecraft:ice_flats;30</biomeIds>
            </planet>
            <oceanBlock>advancedrocketry:oxygenfluid</oceanBlock>
        </planet>
        <planet DIMID="7" name="Sol 7">
            <isKnown>false</isKnown>
            <hasRings>true</hasRings>
            <ringColor>0.8,0.70855135,0.12426913</ringColor>
            <fogColor>1.0,1.0,1.0</fogColor>
            <skyColor>0.8,0.70855135,0.12426913</skyColor>
            <gravitationalMultiplier>90</gravitationalMultiplier>
            <orbitalDistance>46</orbitalDistance>
            <orbitalTheta>274</orbitalTheta>
            <orbitalPhi>-124</orbitalPhi>
            <retrograde>false</retrograde>
            <avgTemperature>450</avgTemperature>
            <rotationalPeriod>32379</rotationalPeriod>
            <atmosphereDensity>127</atmosphereDensity>
            <generateCraters>false</generateCraters>
            <generateCaves>false</generateCaves>
            <generateVolcanos>false</generateVolcanos>
            <generateStructures>true</generateStructures>
            <generateGeodes>true</generateGeodes>
            <biomeIds>biomesoplenty:phantasmagoric_inferno;30,minecraft:mutated_jungle;30,biomesoplenty:visceral_heap;30,advancedrocketry:volcanicbarren;30,biomesoplenty:mangrove;30</biomeIds>
        </planet>
        <planet DIMID="8" name="Sol 8">
            <isKnown>false</isKnown>
            <fogColor>1.0,1.0,1.0</fogColor>
            <skyColor>0.8,0.88707197,0.80028033</skyColor>
            <gravitationalMultiplier>89</gravitationalMultiplier>
            <orbitalDistance>130</orbitalDistance>
            <orbitalTheta>159</orbitalTheta>
            <orbitalPhi>-248</orbitalPhi>
            <retrograde>false</retrograde>
            <avgTemperature>267</avgTemperature>
            <rotationalPeriod>33476</rotationalPeriod>
            <atmosphereDensity>126</atmosphereDensity>
            <generateCraters>false</generateCraters>
            <generateCaves>false</generateCaves>
            <generateVolcanos>false</generateVolcanos>
            <generateStructures>true</generateStructures>
            <generateGeodes>true</generateGeodes>
            <biomeIds>minecraft:mushroom_island;30</biomeIds>
        </planet>
        <planet DIMID="9" name="Sol 9">
            <isKnown>false</isKnown>
            <fogColor>1.0,1.0,1.0</fogColor>
            <skyColor>0.8,0.6727322,0.96665406</skyColor>
            <gravitationalMultiplier>104</gravitationalMultiplier>
            <orbitalDistance>165</orbitalDistance>
            <orbitalTheta>266</orbitalTheta>
            <orbitalPhi>-209</orbitalPhi>
            <retrograde>false</retrograde>
            <avgTemperature>204</avgTemperature>
            <rotationalPeriod>21031</rotationalPeriod>
            <atmosphereDensity>70</atmosphereDensity>
            <generateCraters>true</generateCraters>
            <generateCaves>false</generateCaves>
            <generateVolcanos>false</generateVolcanos>
            <generateStructures>false</generateStructures>
            <generateGeodes>false</generateGeodes>
            <seaLevel>55</seaLevel>
            <biomeIds>advancedrocketry:crystalchasms;30</biomeIds>
            <planet DIMID="10" name="Sol 9: 0">
                <isKnown>false</isKnown>
                <fogColor>1.0,1.0,1.0</fogColor>
                <skyColor>0.8,0.5976548,0.97590303</skyColor>
                <gravitationalMultiplier>69</gravitationalMultiplier>
                <orbitalDistance>157</orbitalDistance>
                <orbitalTheta>0</orbitalTheta>
                <orbitalPhi>222</orbitalPhi>
                <retrograde>false</retrograde>
                <avgTemperature>204</avgTemperature>
                <rotationalPeriod>73057</rotationalPeriod>
                <atmosphereDensity>13</atmosphereDensity>
                <generateCraters>true</generateCraters>
                <generateCaves>false</generateCaves>
                <generateVolcanos>false</generateVolcanos>
                <generateStructures>false</generateStructures>
                <generateGeodes>false</generateGeodes>
                <biomeIds>advancedrocketry:moon;30,advancedrocketry:moondark;30</biomeIds>
            </planet>
            <planet DIMID="11" name="Sol 9: 1">
                <isKnown>false</isKnown>
                <fogColor>1.0,1.0,1.0</fogColor>
                <skyColor>0.8,0.6055491,1.0</skyColor>
                <gravitationalMultiplier>70</gravitationalMultiplier>
                <orbitalDistance>180</orbitalDistance>
                <orbitalTheta>177</orbitalTheta>
                <orbitalPhi>-261</orbitalPhi>
                <retrograde>false</retrograde>
                <avgTemperature>190</avgTemperature>
                <rotationalPeriod>69970</rotationalPeriod>
                <atmosphereDensity>13</atmosphereDensity>
                <generateCraters>true</generateCraters>
                <generateCaves>false</generateCaves>
                <generateVolcanos>false</generateVolcanos>
                <generateStructures>false</generateStructures>
                <generateGeodes>false</generateGeodes>
                <biomeIds>advancedrocketry:moon;30,advancedrocketry:moondark;30</biomeIds>
            </planet>
        </planet>
        <planet DIMID="12" name="Sol 12">
            <isKnown>false</isKnown>
            <fogColor>1.0,1.0,1.0</fogColor>
            <skyColor>0.8,0.930364,0.89074594</skyColor>
            <gravitationalMultiplier>125</gravitationalMultiplier>
            <orbitalDistance>159</orbitalDistance>
            <orbitalTheta>20</orbitalTheta>
            <orbitalPhi>88</orbitalPhi>
            <retrograde>false</retrograde>
            <avgTemperature>239</avgTemperature>
            <rotationalPeriod>12141</rotationalPeriod>
            <atmosphereDensity>122</atmosphereDensity>
            <generateCraters>false</generateCraters>
            <generateCaves>false</generateCaves>
            <generateVolcanos>false</generateVolcanos>
            <generateStructures>false</generateStructures>
            <generateGeodes>false</generateGeodes>
            <biomeIds>thaumcraft:eldritch;30,byg:bglowshroombayou;2,minecraft:mutated_swampland;30,minecraft:desert;30,byg:bdeciduousforest;4</biomeIds>
            <planet DIMID="13" name="Sol 12: 0">
                <isKnown>false</isKnown>
                <fogColor>1.0,1.0,1.0</fogColor>
                <skyColor>0.8,0.57884645,0.8352634</skyColor>
                <gravitationalMultiplier>79</gravitationalMultiplier>
                <orbitalDistance>113</orbitalDistance>
                <orbitalTheta>8</orbitalTheta>
                <orbitalPhi>204</orbitalPhi>
                <retrograde>false</retrograde>
                <avgTemperature>240</avgTemperature>
                <rotationalPeriod>48677</rotationalPeriod>
                <atmosphereDensity>30</atmosphereDensity>
                <generateCraters>true</generateCraters>
                <generateCaves>false</generateCaves>
                <generateVolcanos>false</generateVolcanos>
                <generateStructures>false</generateStructures>
                <generateGeodes>false</generateGeodes>
                <seaLevel>75</seaLevel>
                <biomeIds>minecraft:ice_flats;30</biomeIds>
            </planet>
        </planet>
        <planet DIMID="14" name="Sol 14">
            <isKnown>false</isKnown>
            <fogColor>1.0,1.0,1.0</fogColor>
            <skyColor>0.8,0.7004268,0.3145293</skyColor>
            <gravitationalMultiplier>125</gravitationalMultiplier>
            <orbitalDistance>53</orbitalDistance>
            <orbitalTheta>10</orbitalTheta>
            <orbitalPhi>-175</orbitalPhi>
            <retrograde>false</retrograde>
            <avgTemperature>398</avgTemperature>
            <rotationalPeriod>12141</rotationalPeriod>
            <atmosphereDensity>103</atmosphereDensity>
            <generateCraters>false</generateCraters>
            <generateCaves>false</generateCaves>
            <generateVolcanos>false</generateVolcanos>
            <generateStructures>true</generateStructures>
            <generateGeodes>false</generateGeodes>
            <biomeIds>minecraft:mushroom_island;30</biomeIds>
        </planet>
        <planet DIMID="15" name="Sol 15">
            <isKnown>false</isKnown>
            <fogColor>1.0,1.0,1.0</fogColor>
            <skyColor>0.8,0.864336,0.85780656</skyColor>
            <gravitationalMultiplier>130</gravitationalMultiplier>
            <orbitalDistance>124</orbitalDistance>
            <orbitalTheta>351</orbitalTheta>
            <orbitalPhi>-33</orbitalPhi>
            <retrograde>false</retrograde>
            <avgTemperature>229</avgTemperature>
            <rotationalPeriod>10923</rotationalPeriod>
            <atmosphereDensity>7</atmosphereDensity>
            <generateCraters>true</generateCraters>
            <generateCaves>false</generateCaves>
            <generateVolcanos>false</generateVolcanos>
            <generateStructures>false</generateStructures>
            <generateGeodes>false</generateGeodes>
            <biomeIds>advancedrocketry:moon;30,advancedrocketry:moondark;30</biomeIds>
            <planet DIMID="16" name="Sol 15: 0">
                <isKnown>false</isKnown>
                <fogColor>1.0,1.0,1.0</fogColor>
                <skyColor>0.8,0.80391586,0.80530465</skyColor>
                <gravitationalMultiplier>73</gravitationalMultiplier>
                <orbitalDistance>111</orbitalDistance>
                <orbitalTheta>43</orbitalTheta>
                <orbitalPhi>101</orbitalPhi>
                <retrograde>false</retrograde>
                <avgTemperature>242</avgTemperature>
                <rotationalPeriod>61693</rotationalPeriod>
                <atmosphereDensity>13</atmosphereDensity>
                <generateCraters>true</generateCraters>
                <generateCaves>false</generateCaves>
                <generateVolcanos>false</generateVolcanos>
                <generateStructures>false</generateStructures>
                <generateGeodes>false</generateGeodes>
                <biomeIds>advancedrocketry:moon;30,advancedrocketry:moondark;30</biomeIds>
            </planet>
        </planet>
    </star>
    <star blackHole="false" name="Wolf 12" numGasGiants="0" numPlanets="0" size="1.0" temp="10" x="300" y="-200">
        <planet DIMID="24" name="Wolf 12 24">
            <isKnown>false</isKnown>
            <fogColor>1.0,1.0,1.0</fogColor>
            <skyColor>0.53937244,0.6324436,1.0</skyColor>
            <gravitationalMultiplier>94</gravitationalMultiplier>
            <orbitalDistance>14</orbitalDistance>
            <orbitalTheta>28</orbitalTheta>
            <orbitalPhi>-203</orbitalPhi>
            <retrograde>false</retrograde>
            <avgTemperature>84</avgTemperature>
            <rotationalPeriod>28439</rotationalPeriod>
            <atmosphereDensity>144</atmosphereDensity>
            <generateCraters>false</generateCraters>
            <generateCaves>false</generateCaves>
            <generateVolcanos>false</generateVolcanos>
            <generateStructures>false</generateStructures>
            <generateGeodes>true</generateGeodes>
            <biomeIds>biomesoplenty:cherry_blossom_grove;30,biomesoplenty:oasis;30,minecraft:jungle_edge;30,minecraft:mesa_clear_rock;30,byg:bglaciers;3</biomeIds>
        </planet>
        <planet DIMID="25" name="Wolf 12 25">
            <isKnown>false</isKnown>
            <fogColor>1.0,1.0,1.0</fogColor>
            <skyColor>0.36703598,0.65560657,1.0</skyColor>
            <gravitationalMultiplier>130</gravitationalMultiplier>
            <orbitalDistance>156</orbitalDistance>
            <orbitalTheta>290</orbitalTheta>
            <orbitalPhi>-206</orbitalPhi>
            <retrograde>false</retrograde>
            <avgTemperature>23</avgTemperature>
            <rotationalPeriod>10923</rotationalPeriod>
            <atmosphereDensity>105</atmosphereDensity>
            <generateCraters>false</generateCraters>
            <generateCaves>false</generateCaves>
            <generateVolcanos>false</generateVolcanos>
            <generateStructures>false</generateStructures>
            <generateGeodes>false</generateGeodes>
            <biomeIds>byg:bgreatoaklowlands;4,minecraft:mutated_forest;30,byg:bmangrovemarshes;4,minecraft:mutated_jungle_edge;30,byg:blushdesert;4</biomeIds>
            <planet DIMID="26" name="Wolf 12 25: 0">
                <isKnown>false</isKnown>
                <fogColor>1.0,1.0,1.0</fogColor>
                <skyColor>0.36611855,0.612213,1.0</skyColor>
                <gravitationalMultiplier>73</gravitationalMultiplier>
                <orbitalDistance>139</orbitalDistance>
                <orbitalTheta>100</orbitalTheta>
                <orbitalPhi>-173</orbitalPhi>
                <retrograde>false</retrograde>
                <avgTemperature>21</avgTemperature>
                <rotationalPeriod>61693</rotationalPeriod>
                <atmosphereDensity>33</atmosphereDensity>
                <generateCraters>true</generateCraters>
                <generateCaves>false</generateCaves>
                <generateVolcanos>false</generateVolcanos>
                <generateStructures>false</generateStructures>
                <generateGeodes>false</generateGeodes>
                <seaLevel>58</seaLevel>
                <biomeIds>minecraft:birch_forest;10,biomesoplenty:temperate_rainforest;30,minecraft:mutated_extreme_hills_with_trees;30,byg:bsnowypinemountains;4,minecraft:stone_beach;30</biomeIds>
            </planet>
        </planet>
        <planet DIMID="27" name="Wolf 12 27">
            <isKnown>false</isKnown>
            <fogColor>1.0,1.0,1.0</fogColor>
            <skyColor>0.32562095,0.5154855,1.0</skyColor>
            <gravitationalMultiplier>110</gravitationalMultiplier>
            <orbitalDistance>213</orbitalDistance>
            <orbitalTheta>187</orbitalTheta>
            <orbitalPhi>-57</orbitalPhi>
            <retrograde>false</retrograde>
            <avgTemperature>17</avgTemperature>
            <rotationalPeriod>17787</rotationalPeriod>
            <atmosphereDensity>37</atmosphereDensity>
            <generateCraters>true</generateCraters>
            <generateCaves>false</generateCaves>
            <generateVolcanos>false</generateVolcanos>
            <generateStructures>false</generateStructures>
            <generateGeodes>false</generateGeodes>
            <biomeIds>minecraft:savanna_rock;30,byg:bwoodlands;4,biomesoplenty:lush_swamp;30,minecraft:mesa_rock;30,biomesoplenty:sacred_springs;30</biomeIds>
            <planet DIMID="28" name="Wolf 12 27: 0">
                <isKnown>false</isKnown>
                <fogColor>1.0,1.0,1.0</fogColor>
                <skyColor>0.33279198,0.5977192,1.0</skyColor>
                <gravitationalMultiplier>57</gravitationalMultiplier>
                <orbitalDistance>109</orbitalDistance>
                <orbitalTheta>124</orbitalTheta>
                <orbitalPhi>-167</orbitalPhi>
                <retrograde>false</retrograde>
                <avgTemperature>24</avgTemperature>
                <rotationalPeriod>129594</rotationalPeriod>
                <atmosphereDensity>34</atmosphereDensity>
                <generateCraters>true</generateCraters>
                <generateCaves>false</generateCaves>
                <generateVolcanos>false</generateVolcanos>
                <generateStructures>false</generateStructures>
                <generateGeodes>false</generateGeodes>
                <biomeIds>minecraft:mutated_mesa_rock;30,minecraft:savanna;30,byg:bancientforest;2,biomesoplenty:temperate_rainforest;30,byg:bmarshlands;4</biomeIds>
            </planet>
            <planet DIMID="29" name="Wolf 12 27: 1">
                <isKnown>false</isKnown>
                <fogColor>1.0,1.0,1.0</fogColor>
                <skyColor>0.33187485,0.79484355,1.0</skyColor>
                <gravitationalMultiplier>45</gravitationalMultiplier>
                <orbitalDistance>106</orbitalDistance>
                <orbitalTheta>223</orbitalTheta>
                <orbitalPhi>33</orbitalPhi>
                <retrograde>false</retrograde>
                <avgTemperature>24</avgTemperature>
                <rotationalPeriod>263374</rotationalPeriod>
                <atmosphereDensity>25</atmosphereDensity>
                <generateCraters>true</generateCraters>
                <generateCaves>false</generateCaves>
                <generateVolcanos>false</generateVolcanos>
                <generateStructures>false</generateStructures>
                <generateGeodes>false</generateGeodes>
                <seaLevel>66</seaLevel>
                <biomeIds>advancedrocketry:moon;30,advancedrocketry:moondark;30</biomeIds>
            </planet>
        </planet>
        <planet DIMID="30" name="Wolf 12 30">
            <isKnown>false</isKnown>
            <fogColor>1.0,1.0,1.0</fogColor>
            <skyColor>0.31993634,0.68712986,1.0</skyColor>
            <gravitationalMultiplier>100</gravitationalMultiplier>
            <orbitalDistance>107</orbitalDistance>
            <orbitalTheta>220</orbitalTheta>
            <orbitalPhi>-28</orbitalPhi>
            <retrograde>false</retrograde>
            <avgTemperature>33</avgTemperature>
            <rotationalPeriod>23643</rotationalPeriod>
            <atmosphereDensity>215</atmosphereDensity>
            <generateCraters>false</generateCraters>
            <generateCaves>false</generateCaves>
            <generateVolcanos>false</generateVolcanos>
            <generateStructures>false</generateStructures>
            <generateGeodes>true</generateGeodes>
            <biomeIds>biomesoplenty:overgrown_cliffs;30,byg:boutlands;4,minecraft:desert_hills;30,biomesoplenty:orchard;30,biomesoplenty:origin_island;30</biomeIds>
        </planet>
        <planet DIMID="31" name="Wolf 12 31">
            <isKnown>false</isKnown>
            <fogColor>1.0,1.0,1.0</fogColor>
            <skyColor>0.38323987,0.5621691,1.0</skyColor>
            <gravitationalMultiplier>130</gravitationalMultiplier>
            <orbitalDistance>98</orbitalDistance>
            <orbitalTheta>247</orbitalTheta>
            <orbitalPhi>-339</orbitalPhi>
            <retrograde>false</retrograde>
            <avgTemperature>29</avgTemperature>
            <rotationalPeriod>10923</rotationalPeriod>
            <atmosphereDensity>106</atmosphereDensity>
            <generateCraters>false</generateCraters>
            <generateCaves>false</generateCaves>
            <generateVolcanos>false</generateVolcanos>
            <generateStructures>false</generateStructures>
            <generateGeodes>false</generateGeodes>
            <biomeIds>byg:btropical_islands;4,byg:bbayou;4,biomesoplenty:ominous_woods;30,biomesoplenty:bayou;30,biomesoplenty:steppe;30</biomeIds>
            <planet DIMID="32" name="Wolf 12 31: 0">
                <isKnown>false</isKnown>
                <hasRings>true</hasRings>
                <ringColor>0.33295012,0.8077382,1.0</ringColor>
                <fogColor>1.0,1.0,1.0</fogColor>
                <skyColor>0.33295012,0.8077382,1.0</skyColor>
                <gravitationalMultiplier>61</gravitationalMultiplier>
                <orbitalDistance>160</orbitalDistance>
                <orbitalTheta>92</orbitalTheta>
                <orbitalPhi>-155</orbitalPhi>
                <retrograde>false</retrograde>
                <avgTemperature>20</avgTemperature>
                <rotationalPeriod>105735</rotationalPeriod>
                <atmosphereDensity>36</atmosphereDensity>
                <generateCraters>true</generateCraters>
                <generateCaves>false</generateCaves>
                <generateVolcanos>false</generateVolcanos>
                <generateStructures>false</generateStructures>
                <generateGeodes>false</generateGeodes>
                <biomeIds>byg:boutback;3,minecraft:mutated_jungle;30,biomesoplenty:grassland;30,biomesoplenty:corrupted_sands;30,biomesoplenty:origin_beach;30</biomeIds>
            </planet>
        </planet>
    </star>
    <star blackHole="false" name="Epsilon ire" numGasGiants="0" numPlanets="0" size="1.0" temp="170" x="-200" y="80">
        <planet DIMID="48" name="Epsilon ire 48">
            <isKnown>false</isKnown>
            <fogColor>1.0,1.0,1.0</fogColor>
            <skyColor>0.8,0.9388571,0.30152243</skyColor>
            <gravitationalMultiplier>115</gravitationalMultiplier>
            <orbitalDistance>108</orbitalDistance>
            <orbitalTheta>9</orbitalTheta>
            <orbitalPhi>117</orbitalPhi>
            <retrograde>false</retrograde>
            <avgTemperature>418</avgTemperature>
            <rotationalPeriod>15576</rotationalPeriod>
            <atmosphereDensity>35</atmosphereDensity>
            <generateCraters>true</generateCraters>
            <generateCaves>false</generateCaves>
            <generateVolcanos>false</generateVolcanos>
            <generateStructures>false</generateStructures>
            <generateGeodes>false</generateGeodes>
            <biomeIds>advancedrocketry:volcanicbarren;30</biomeIds>
        </planet>
        <planet DIMID="49" name="Epsilon ire 49">
            <isKnown>false</isKnown>
            <fogColor>1.0,1.0,1.0</fogColor>
            <skyColor>0.8,0.94276476,0.0</skyColor>
            <gravitationalMultiplier>130</gravitationalMultiplier>
            <orbitalDistance>96</orbitalDistance>
            <orbitalTheta>238</orbitalTheta>
            <orbitalPhi>10</orbitalPhi>
            <retrograde>false</retrograde>
            <avgTemperature>529</avgTemperature>
            <rotationalPeriod>10923</rotationalPeriod>
            <atmosphereDensity>126</atmosphereDensity>
            <generateCraters>false</generateCraters>
            <generateCaves>false</generateCaves>
            <generateVolcanos>true</generateVolcanos>
            <generateStructures>false</generateStructures>
            <generateGeodes>true</generateGeodes>
            <biomeIds>minecraft:mutated_mesa_rock;30,minecraft:jungle_hills;30,byg:bdunes;4,byg:bcolored_canyons;3,advancedrocketry:marsh;30</biomeIds>
            <oceanBlock>minecraft:lava</oceanBlock>
        </planet>
        <planet DIMID="33" name="Epsilon ire 33">
            <isKnown>false</isKnown>
            <fogColor>1.0,1.0,1.0</fogColor>
            <skyColor>0.8,0.64324,0.0</skyColor>
            <gravitationalMultiplier>121</gravitationalMultiplier>
            <orbitalDistance>85</orbitalDistance>
            <orbitalTheta>242</orbitalTheta>
            <orbitalPhi>-225</orbitalPhi>
            <retrograde>false</retrograde>
            <avgTemperature>598</avgTemperature>
            <rotationalPeriod>13380</rotationalPeriod>
            <atmosphereDensity>162</atmosphereDensity>
            <generateCraters>false</generateCraters>
            <generateCaves>false</generateCaves>
            <generateVolcanos>true</generateVolcanos>
            <generateStructures>false</generateStructures>
            <generateGeodes>true</generateGeodes>
            <seaLevel>75</seaLevel>
            <biomeIds>minecraft:mutated_mesa_rock;30,minecraft:mutated_mesa;30,biomesoplenty:volcanic_island;30,advancedrocketry:marsh;30,biomesoplenty:undergarden;30</biomeIds>
            <planet DIMID="34" name="Epsilon ire 33: 0">
                <isKnown>false</isKnown>
                <fogColor>1.0,1.0,1.0</fogColor>
                <skyColor>0.8,0.6188548,0.3359986</skyColor>
                <gravitationalMultiplier>45</gravitationalMultiplier>
                <orbitalDistance>127</orbitalDistance>
                <orbitalTheta>29</orbitalTheta>
                <orbitalPhi>54</orbitalPhi>
                <retrograde>false</retrograde>
                <avgTemperature>385</avgTemperature>
                <rotationalPeriod>263374</rotationalPeriod>
                <atmosphereDensity>18</atmosphereDensity>
                <generateCraters>true</generateCraters>
                <generateCaves>false</generateCaves>
                <generateVolcanos>false</generateVolcanos>
                <generateStructures>false</generateStructures>
                <generateGeodes>false</generateGeodes>
                <seaLevel>49</seaLevel>
                <biomeIds>advancedrocketry:moon;30,advancedrocketry:moondark;30</biomeIds>
            </planet>
            <oceanBlock>minecraft:lava</oceanBlock>
        </planet>
        <planet DIMID="35" name="Epsilon ire 35">
            <isKnown>false</isKnown>
            <fogColor>1.0,1.0,1.0</fogColor>
            <skyColor>0.8,0.80999917,0.36393374</skyColor>
            <gravitationalMultiplier>130</gravitationalMultiplier>
            <orbitalDistance>153</orbitalDistance>
            <orbitalTheta>99</orbitalTheta>
            <orbitalPhi>-264</orbitalPhi>
            <retrograde>false</retrograde>
            <avgTemperature>374</avgTemperature>
            <rotationalPeriod>10923</rotationalPeriod>
            <atmosphereDensity>80</atmosphereDensity>
            <generateCraters>false</generateCraters>
            <generateCaves>false</generateCaves>
            <generateVolcanos>false</generateVolcanos>
            <generateStructures>true</generateStructures>
            <generateGeodes>false</generateGeodes>
            <seaLevel>51</seaLevel>
            <biomeIds>minecraft:extreme_hills;10</biomeIds>
            <planet DIMID="36" name="Epsilon ire 35: 0">
                <isKnown>false</isKnown>
                <fogColor>1.0,1.0,1.0</fogColor>
                <skyColor>0.8,0.626852,0.46662122</skyColor>
                <gravitationalMultiplier>73</gravitationalMultiplier>
                <orbitalDistance>146</orbitalDistance>
                <orbitalTheta>163</orbitalTheta>
                <orbitalPhi>187</orbitalPhi>
                <retrograde>false</retrograde>
                <avgTemperature>359</avgTemperature>
                <rotationalPeriod>61693</rotationalPeriod>
                <atmosphereDensity>19</atmosphereDensity>
                <generateCraters>true</generateCraters>
                <generateCaves>false</generateCaves>
                <generateVolcanos>false</generateVolcanos>
                <generateStructures>false</generateStructures>
                <generateGeodes>false</generateGeodes>
                <biomeIds>advancedrocketry:moon;30,advancedrocketry:moondark;30</biomeIds>
            </planet>
            <planet DIMID="37" name="Epsilon ire 35: 1">
                <isKnown>false</isKnown>
                <fogColor>1.0,1.0,1.0</fogColor>
                <skyColor>0.8,0.5390877,0.22026128</skyColor>
                <gravitationalMultiplier>58</gravitationalMultiplier>
                <orbitalDistance>107</orbitalDistance>
                <orbitalTheta>267</orbitalTheta>
                <orbitalPhi>-104</orbitalPhi>
                <retrograde>false</retrograde>
                <avgTemperature>420</avgTemperature>
                <rotationalPeriod>116857</rotationalPeriod>
                <atmosphereDensity>35</atmosphereDensity>
                <generateCraters>true</generateCraters>
                <generateCaves>false</generateCaves>
                <generateVolcanos>false</generateVolcanos>
                <generateStructures>false</generateStructures>
                <generateGeodes>false</generateGeodes>
                <biomeIds>minecraft:desert_hills;30</biomeIds>
            </planet>
            <planet DIMID="38" name="Epsilon ire 35: 2">
                <isKnown>false</isKnown>
                <fogColor>1.0,1.0,1.0</fogColor>
                <skyColor>0.8,0.9572197,0.42479306</skyColor>
                <gravitationalMultiplier>75</gravitationalMultiplier>
                <orbitalDistance>138</orbitalDistance>
                <orbitalTheta>266</orbitalTheta>
                <orbitalPhi>180</orbitalPhi>
                <retrograde>false</retrograde>
                <avgTemperature>370</avgTemperature>
                <rotationalPeriod>56888</rotationalPeriod>
                <atmosphereDensity>33</atmosphereDensity>
                <generateCraters>true</generateCraters>
                <generateCaves>false</generateCaves>
                <generateVolcanos>false</generateVolcanos>
                <generateStructures>false</generateStructures>
                <generateGeodes>false</generateGeodes>
                <biomeIds>advancedrocketry:volcanicbarren;30</biomeIds>
            </planet>
        </planet>
        <planet DIMID="39" name="Epsilon ire 39">
            <isKnown>false</isKnown>
            <fogColor>1.0,1.0,1.0</fogColor>
            <skyColor>0.8,0.6173718,0.6172701</skyColor>
            <gravitationalMultiplier>111</gravitationalMultiplier>
            <orbitalDistance>213</orbitalDistance>
            <orbitalTheta>275</orbitalTheta>
            <orbitalPhi>80</orbitalPhi>
            <retrograde>false</retrograde>
            <avgTemperature>298</avgTemperature>
            <rotationalPeriod>17313</rotationalPeriod>
            <atmosphereDensity>24</atmosphereDensity>
            <generateCraters>true</generateCraters>
            <generateCaves>false</generateCaves>
            <generateVolcanos>false</generateVolcanos>
            <generateStructures>false</generateStructures>
            <generateGeodes>false</generateGeodes>
            <biomeIds>advancedrocketry:moon;30,advancedrocketry:moondark;30</biomeIds>
            <planet DIMID="40" name="Epsilon ire 39: 0">
                <isKnown>false</isKnown>
                <fogColor>1.0,1.0,1.0</fogColor>
                <skyColor>0.8,0.6494452,0.6649637</skyColor>
                <gravitationalMultiplier>55</gravitationalMultiplier>
                <orbitalDistance>199</orbitalDistance>
                <orbitalTheta>237</orbitalTheta>
                <orbitalPhi>102</orbitalPhi>
                <retrograde>false</retrograde>
                <avgTemperature>308</avgTemperature>
                <rotationalPeriod>144252</rotationalPeriod>
                <atmosphereDensity>36</atmosphereDensity>
                <generateCraters>true</generateCraters>
                <generateCaves>false</generateCaves>
                <generateVolcanos>false</generateVolcanos>
                <generateStructures>false</generateStructures>
                <generateGeodes>false</generateGeodes>
                <biomeIds>advancedrocketry:crystalchasms;30</biomeIds>
            </planet>
            <planet DIMID="41" name="Epsilon ire 39: 1">
                <isKnown>false</isKnown>
                <fogColor>1.0,1.0,1.0</fogColor>
                <skyColor>0.8,0.6195506,0.35501593</skyColor>
                <gravitationalMultiplier>75</gravitationalMultiplier>
                <orbitalDistance>126</orbitalDistance>
                <orbitalTheta>359</orbitalTheta>
                <orbitalPhi>-37</orbitalPhi>
                <retrograde>false</retrograde>
                <avgTemperature>387</avgTemperature>
                <rotationalPeriod>56888</rotationalPeriod>
                <atmosphereDensity>17</atmosphereDensity>
                <generateCraters>true</generateCraters>
                <generateCaves>false</generateCaves>
                <generateVolcanos>false</generateVolcanos>
                <generateStructures>false</generateStructures>
                <generateGeodes>false</generateGeodes>
                <seaLevel>47</seaLevel>
                <biomeIds>advancedrocketry:moon;30,advancedrocketry:moondark;30</biomeIds>
            </planet>
        </planet>
        <planet DIMID="42" name="Epsilon ire 42">
            <isKnown>false</isKnown>
            <fogColor>1.0,1.0,1.0</fogColor>
            <skyColor>0.8,0.847633,0.0</skyColor>
            <gravitationalMultiplier>130</gravitationalMultiplier>
            <orbitalDistance>101</orbitalDistance>
            <orbitalTheta>195</orbitalTheta>
            <orbitalPhi>-331</orbitalPhi>
            <retrograde>false</retrograde>
            <avgTemperature>555</avgTemperature>
            <rotationalPeriod>10923</rotationalPeriod>
            <atmosphereDensity>169</atmosphereDensity>
            <generateCraters>false</generateCraters>
            <generateCaves>false</generateCaves>
            <generateVolcanos>true</generateVolcanos>
            <generateStructures>false</generateStructures>
            <generateGeodes>true</generateGeodes>
            <biomeIds>advancedrocketry:volcanicbarren;30,byg:boutlands;4,minecraft:jungle;30,minecraft:frozen_ocean;30,minecraft:savanna_rock;30</biomeIds>
            <planet DIMID="43" name="Epsilon ire 42: 0">
                <isKnown>false</isKnown>
                <fogColor>1.0,1.0,1.0</fogColor>
                <skyColor>0.8,0.94057775,0.37385005</skyColor>
                <gravitationalMultiplier>73</gravitationalMultiplier>
                <orbitalDistance>131</orbitalDistance>
                <orbitalTheta>127</orbitalTheta>
                <orbitalPhi>-183</orbitalPhi>
                <retrograde>false</retrograde>
                <avgTemperature>379</avgTemperature>
                <rotationalPeriod>61693</rotationalPeriod>
                <atmosphereDensity>23</atmosphereDensity>
                <generateCraters>true</generateCraters>
                <generateCaves>false</generateCaves>
                <generateVolcanos>false</generateVolcanos>
                <generateStructures>false</generateStructures>
                <generateGeodes>false</generateGeodes>
                <biomeIds>advancedrocketry:moon;30,advancedrocketry:moondark;30</biomeIds>
            </planet>
            <planet DIMID="44" name="Epsilon ire 42: 1">
                <isKnown>false</isKnown>
                <fogColor>1.0,1.0,1.0</fogColor>
                <skyColor>0.8,0.6443851,0.57077456</skyColor>
                <gravitationalMultiplier>82</gravitationalMultiplier>
                <orbitalDistance>169</orbitalDistance>
                <orbitalTheta>294</orbitalTheta>
                <orbitalPhi>-91</orbitalPhi>
                <retrograde>false</retrograde>
                <avgTemperature>334</avgTemperature>
                <rotationalPeriod>43528</rotationalPeriod>
                <atmosphereDensity>31</atmosphereDensity>
                <generateCraters>true</generateCraters>
                <generateCaves>false</generateCaves>
                <generateVolcanos>false</generateVolcanos>
                <generateStructures>false</generateStructures>
                <generateGeodes>false</generateGeodes>
                <biomeIds>advancedrocketry:volcanicbarren;30</biomeIds>
            </planet>
            <planet DIMID="45" name="Epsilon ire 42: 2">
                <isKnown>false</isKnown>
                <fogColor>1.0,1.0,1.0</fogColor>
                <skyColor>0.8,0.8771279,0.5213034</skyColor>
                <gravitationalMultiplier>55</gravitationalMultiplier>
                <orbitalDistance>157</orbitalDistance>
                <orbitalTheta>59</orbitalTheta>
                <orbitalPhi>346</orbitalPhi>
                <retrograde>false</retrograde>
                <avgTemperature>347</avgTemperature>
                <rotationalPeriod>144252</rotationalPeriod>
                <atmosphereDensity>17</atmosphereDensity>
                <generateCraters>true</generateCraters>
                <generateCaves>false</generateCaves>
                <generateVolcanos>false</generateVolcanos>
                <generateStructures>false</generateStructures>
                <generateGeodes>false</generateGeodes>
                <biomeIds>advancedrocketry:moon;30,advancedrocketry:moondark;30</biomeIds>
            </planet>
            <oceanBlock>minecraft:lava</oceanBlock>
        </planet>
        <planet DIMID="46" name="Epsilon ire 46">
            <isKnown>false</isKnown>
            <fogColor>1.0,1.0,1.0</fogColor>
            <skyColor>0.8,0.8022617,0.0</skyColor>
            <gravitationalMultiplier>130</gravitationalMultiplier>
            <orbitalDistance>85</orbitalDistance>
            <orbitalTheta>353</orbitalTheta>
            <orbitalPhi>-250</orbitalPhi>
            <retrograde>false</retrograde>
            <avgTemperature>516</avgTemperature>
            <rotationalPeriod>10923</rotationalPeriod>
            <atmosphereDensity>90</atmosphereDensity>
            <generateCraters>false</generateCraters>
            <generateCaves>false</generateCaves>
            <generateVolcanos>true</generateVolcanos>
            <generateStructures>false</generateStructures>
            <generateGeodes>false</generateGeodes>
            <biomeIds>byg:btropical_islands;4,biomesoplenty:volcanic_island;30,biomesoplenty:phantasmagoric_inferno;30,byg:boutback;3,biomesoplenty:tropical_rainforest;30</biomeIds>
            <planet DIMID="47" name="Epsilon ire 46: 0">
                <isKnown>false</isKnown>
                <fogColor>1.0,1.0,1.0</fogColor>
                <skyColor>0.8,0.8854587,0.46747077</skyColor>
                <gravitationalMultiplier>63</gravitationalMultiplier>
                <orbitalDistance>140</orbitalDistance>
                <orbitalTheta>265</orbitalTheta>
                <orbitalPhi>-19</orbitalPhi>
                <retrograde>false</retrograde>
                <avgTemperature>367</avgTemperature>
                <rotationalPeriod>95981</rotationalPeriod>
                <atmosphereDensity>23</atmosphereDensity>
                <generateCraters>true</generateCraters>
                <generateCaves>false</generateCaves>
                <generateVolcanos>false</generateVolcanos>
                <generateStructures>false</generateStructures>
                <generateGeodes>false</generateGeodes>
                <biomeIds>advancedrocketry:moon;30,advancedrocketry:moondark;30</biomeIds>
            </planet>
            <oceanBlock>minecraft:lava</oceanBlock>
        </planet>
    </star>
    <star blackHole="false" name="Proxima Centaurs" numGasGiants="0" numPlanets="0" size="1.0" temp="200" x="-150" y="250">
        <planet DIMID="50" name="Proxima Centaurs 50">
            <isKnown>false</isKnown>
            <fogColor>1.0,1.0,1.0</fogColor>
            <skyColor>0.8,0.75359356,0.0</skyColor>
            <gravitationalMultiplier>122</gravitationalMultiplier>
            <orbitalDistance>37</orbitalDistance>
            <orbitalTheta>258</orbitalTheta>
            <orbitalPhi>101</orbitalPhi>
            <retrograde>false</retrograde>
            <avgTemperature>1042</avgTemperature>
            <rotationalPeriod>13055</rotationalPeriod>
            <atmosphereDensity>147</atmosphereDensity>
            <generateCraters>false</generateCraters>
            <generateCaves>false</generateCaves>
            <generateVolcanos>true</generateVolcanos>
            <generateStructures>false</generateStructures>
            <generateGeodes>true</generateGeodes>
            <biomeIds>advancedrocketry:marsh;30,minecraft:desert_hills;30,biomesoplenty:coral_reef;30,minecraft:jungle_edge;30,advancedrocketry:volcanicbarren;30</biomeIds>
            <planet DIMID="51" name="Proxima Centaurs 50: 0">
                <isKnown>false</isKnown>
                <fogColor>1.0,1.0,1.0</fogColor>
                <skyColor>0.8,0.9280591,0.18506944</skyColor>
                <gravitationalMultiplier>77</gravitationalMultiplier>
                <orbitalDistance>139</orbitalDistance>
                <orbitalTheta>119</orbitalTheta>
                <orbitalPhi>130</orbitalPhi>
                <retrograde>false</retrograde>
                <avgTemperature>434</avgTemperature>
                <rotationalPeriod>52570</rotationalPeriod>
                <atmosphereDensity>20</atmosphereDensity>
                <generateCraters>true</generateCraters>
                <generateCaves>false</generateCaves>
                <generateVolcanos>false</generateVolcanos>
                <generateStructures>false</generateStructures>
                <generateGeodes>false</generateGeodes>
                <biomeIds>advancedrocketry:moon;30,advancedrocketry:moondark;30</biomeIds>
            </planet>
            <oceanBlock>minecraft:lava</oceanBlock>
        </planet>
        <planet DIMID="52" name="Proxima Centaurs 52">
            <isKnown>false</isKnown>
            <fogColor>1.0,1.0,1.0</fogColor>
            <skyColor>0.8,0.5726411,0.0</skyColor>
            <gravitationalMultiplier>130</gravitationalMultiplier>
            <orbitalDistance>104</orbitalDistance>
            <orbitalTheta>119</orbitalTheta>
            <orbitalPhi>25</orbitalPhi>
            <retrograde>false</retrograde>
            <avgTemperature>510</avgTemperature>
            <rotationalPeriod>10923</rotationalPeriod>
            <atmosphereDensity>67</atmosphereDensity>
            <generateCraters>true</generateCraters>
            <generateCaves>false</generateCaves>
            <generateVolcanos>true</generateVolcanos>
            <generateStructures>false</generateStructures>
            <generateGeodes>false</generateGeodes>
            <biomeIds>biomesoplenty:corrupted_sands;30,biomesoplenty:outback;30,biomesoplenty:undergarden;30,byg:boutlands;4,minecraft:mutated_mesa_rock;30</biomeIds>
            <oceanBlock>minecraft:lava</oceanBlock>
        </planet>
        <planet DIMID="53" name="Proxima Centaurs 53">
            <isKnown>false</isKnown>
            <fogColor>1.0,1.0,1.0</fogColor>
            <skyColor>0.8,0.83037245,0.18392044</skyColor>
            <gravitationalMultiplier>121</gravitationalMultiplier>
            <orbitalDistance>139</orbitalDistance>
            <orbitalTheta>23</orbitalTheta>
            <orbitalPhi>-121</orbitalPhi>
            <retrograde>false</retrograde>
            <avgTemperature>434</avgTemperature>
            <rotationalPeriod>13380</rotationalPeriod>
            <atmosphereDensity>54</atmosphereDensity>
            <generateCraters>true</generateCraters>
            <generateCaves>false</generateCaves>
            <generateVolcanos>false</generateVolcanos>
            <generateStructures>false</generateStructures>
            <generateGeodes>false</generateGeodes>
            <seaLevel>82</seaLevel>
            <biomeIds>minecraft:mutated_plains;30,biomesoplenty:tropical_rainforest;30,minecraft:birch_forest_hills;30,byg:bred_outlands;4,byg:bdeadsea;2</biomeIds>
            <planet DIMID="54" name="Proxima Centaurs 53: 0">
                <isKnown>false</isKnown>
                <hasRings>true</hasRings>
                <ringColor>0.8,0.75609875,0.2575333</ringColor>
                <fogColor>1.0,1.0,1.0</fogColor>
                <skyColor>0.8,0.75609875,0.2575333</skyColor>
                <gravitationalMultiplier>64</gravitationalMultiplier>
                <orbitalDistance>159</orbitalDistance>
                <orbitalTheta>308</orbitalTheta>
                <orbitalPhi>-7</orbitalPhi>
                <retrograde>false</retrograde>
                <avgTemperature>405</avgTemperature>
                <rotationalPeriod>91552</rotationalPeriod>
                <atmosphereDensity>15</atmosphereDensity>
                <generateCraters>true</generateCraters>
                <generateCaves>false</generateCaves>
                <generateVolcanos>false</generateVolcanos>
                <generateStructures>false</generateStructures>
                <generateGeodes>false</generateGeodes>
                <biomeIds>advancedrocketry:moon;30,advancedrocketry:moondark;30</biomeIds>
            </planet>
        </planet>
    </star>
    <star blackHole="false" name="Magnis Vulpes" numGasGiants="0" numPlanets="0" size="1.0" temp="70" x="-150" y="-250">
        <planet DIMID="55" name="Magnis Vulpes 55">
            <isKnown>false</isKnown>
            <fogColor>1.0,1.0,1.0</fogColor>
            <skyColor>0.8,0.5449824,0.0</skyColor>
            <gravitationalMultiplier>91</gravitationalMultiplier>
            <orbitalDistance>17</orbitalDistance>
            <orbitalTheta>119</orbitalTheta>
            <orbitalPhi>-352</orbitalPhi>
            <retrograde>false</retrograde>
            <avgTemperature>540</avgTemperature>
            <rotationalPeriod>31329</rotationalPeriod>
            <atmosphereDensity>150</atmosphereDensity>
            <generateCraters>false</generateCraters>
            <generateCaves>false</generateCaves>
            <generateVolcanos>true</generateVolcanos>
            <generateStructures>false</generateStructures>
            <generateGeodes>true</generateGeodes>
            <biomeIds>biomesoplenty:brushland;30,byg:bdunes;4,byg:bdeadsea;2,byg:bbaobabsavanna;3,minecraft:deep_ocean;30</biomeIds>
            <oceanBlock>minecraft:lava</oceanBlock>
        </planet>
        <planet DIMID="56" name="Magnis Vulpes 56">
            <isKnown>false</isKnown>
            <fogColor>1.0,1.0,1.0</fogColor>
            <skyColor>0.8,0.74321866,1.0</skyColor>
            <gravitationalMultiplier>130</gravitationalMultiplier>
            <orbitalDistance>129</orbitalDistance>
            <orbitalTheta>96</orbitalTheta>
            <orbitalPhi>115</orbitalPhi>
            <retrograde>false</retrograde>
            <avgTemperature>177</avgTemperature>
            <rotationalPeriod>10923</rotationalPeriod>
            <atmosphereDensity>101</atmosphereDensity>
            <generateCraters>false</generateCraters>
            <generateCaves>false</generateCaves>
            <generateVolcanos>false</generateVolcanos>
            <generateStructures>false</generateStructures>
            <generateGeodes>false</generateGeodes>
            <biomeIds>advancedrocketry:crystalchasms;30</biomeIds>
            <planet DIMID="57" name="Magnis Vulpes 56: 0">
                <isKnown>false</isKnown>
                <fogColor>1.0,1.0,1.0</fogColor>
                <skyColor>0.6372268,0.9284252,1.0</skyColor>
                <gravitationalMultiplier>65</gravitationalMultiplier>
                <orbitalDistance>196</orbitalDistance>
                <orbitalTheta>84</orbitalTheta>
                <orbitalPhi>-264</orbitalPhi>
                <retrograde>false</retrograde>
                <avgTemperature>127</avgTemperature>
                <rotationalPeriod>87391</rotationalPeriod>
                <atmosphereDensity>33</atmosphereDensity>
                <generateCraters>true</generateCraters>
                <generateCaves>false</generateCaves>
                <generateVolcanos>false</generateVolcanos>
                <generateStructures>false</generateStructures>
                <generateGeodes>false</generateGeodes>
                <biomeIds>byg:balps;4,biomesoplenty:brushland;30,advancedrocketry:crystalchasms;30,byg:btropicalmountains;3,byg:bebonywoods;4</biomeIds>
            </planet>
        </planet>
    </star>
    <star blackHole="false" name="Ma-Roo" numGasGiants="0" numPlanets="0" size="1.0" temp="200" x="50" y="-250">
        <planet DIMID="67" name="Ma-Roo 67">
            <isKnown>false</isKnown>
            <fogColor>1.0,1.0,1.0</fogColor>
            <skyColor>0.8,0.7634506,0.0</skyColor>
            <gravitationalMultiplier>130</gravitationalMultiplier>
            <orbitalDistance>69</orbitalDistance>
            <orbitalTheta>244</orbitalTheta>
            <orbitalPhi>-56</orbitalPhi>
            <retrograde>false</retrograde>
            <avgTemperature>712</avgTemperature>
            <rotationalPeriod>10923</rotationalPeriod>
            <atmosphereDensity>112</atmosphereDensity>
            <generateCraters>false</generateCraters>
            <generateCaves>false</generateCaves>
            <generateVolcanos>true</generateVolcanos>
            <generateStructures>false</generateStructures>
            <generateGeodes>false</generateGeodes>
            <biomeIds>byg:bcolored_canyons;3,byg:bcrystal_canyons;2,byg:bsonorandesert;3,advancedrocketry:oceanspires;30,biomesoplenty:outback;30</biomeIds>
            <planet DIMID="68" name="Ma-Roo 67: 0">
                <isKnown>false</isKnown>
                <fogColor>1.0,1.0,1.0</fogColor>
                <skyColor>0.8,0.5557461,0.11757475</skyColor>
                <gravitationalMultiplier>46</gravitationalMultiplier>
                <orbitalDistance>126</orbitalDistance>
                <orbitalTheta>324</orbitalTheta>
                <orbitalPhi>-150</orbitalPhi>
                <retrograde>false</retrograde>
                <avgTemperature>455</avgTemperature>
                <rotationalPeriod>246568</rotationalPeriod>
                <atmosphereDensity>26</atmosphereDensity>
                <generateCraters>true</generateCraters>
                <generateCaves>false</generateCaves>
                <generateVolcanos>true</generateVolcanos>
                <generateStructures>false</generateStructures>
                <generateGeodes>false</generateGeodes>
                <biomeIds>minecraft:jungle_edge;30,minecraft:mutated_jungle_edge;30,byg:bcrystal_canyons;2,biomesoplenty:visceral_heap;30,byg:bred_outlands;4</biomeIds>
                <oceanBlock>minecraft:lava</oceanBlock>
            </planet>
            <oceanBlock>minecraft:lava</oceanBlock>
        </planet>
        <planet DIMID="69" name="Ma-Roo 69">
            <isKnown>false</isKnown>
            <fogColor>1.0,1.0,1.0</fogColor>
            <skyColor>0.8,0.72826874,0.0</skyColor>
            <gravitationalMultiplier>130</gravitationalMultiplier>
            <orbitalDistance>108</orbitalDistance>
            <orbitalTheta>249</orbitalTheta>
            <orbitalPhi>-218</orbitalPhi>
            <retrograde>false</retrograde>
            <avgTemperature>492</avgTemperature>
            <rotationalPeriod>10923</rotationalPeriod>
            <atmosphereDensity>17</atmosphereDensity>
            <generateCraters>true</generateCraters>
            <generateCaves>false</generateCaves>
            <generateVolcanos>true</generateVolcanos>
            <generateStructures>false</generateStructures>
            <generateGeodes>false</generateGeodes>
            <biomeIds>advancedrocketry:moon;30,advancedrocketry:moondark;30</biomeIds>
            <planet DIMID="70" name="Ma-Roo 69: 0">
                <isKnown>false</isKnown>
                <fogColor>1.0,1.0,1.0</fogColor>
                <skyColor>0.8,0.6896469,0.0</skyColor>
                <gravitationalMultiplier>86</gravitationalMultiplier>
                <orbitalDistance>109</orbitalDistance>
                <orbitalTheta>285</orbitalTheta>
                <orbitalPhi>-73</orbitalPhi>
                <retrograde>false</retrograde>
                <avgTemperature>490</avgTemperature>
                <rotationalPeriod>37732</rotationalPeriod>
                <atmosphereDensity>36</atmosphereDensity>
                <generateCraters>true</generateCraters>
                <generateCaves>false</generateCaves>
                <generateVolcanos>true</generateVolcanos>
                <generateStructures>false</generateStructures>
                <generateGeodes>false</generateGeodes>
                <biomeIds>biomesoplenty:fungi_forest;30,advancedrocketry:volcanicbarren;30,minecraft:mutated_jungle;30,biomesoplenty:coral_reef;30,byg:btropical_islands;4</biomeIds>
                <oceanBlock>minecraft:lava</oceanBlock>
            </planet>
            <planet DIMID="71" name="Ma-Roo 69: 1">
                <isKnown>false</isKnown>
                <fogColor>1.0,1.0,1.0</fogColor>
                <skyColor>0.8,0.9121692,0.3757236</skyColor>
                <gravitationalMultiplier>80</gravitationalMultiplier>
                <orbitalDistance>192</orbitalDistance>
                <orbitalTheta>91</orbitalTheta>
                <orbitalPhi>143</orbitalPhi>
                <retrograde>false</retrograde>
                <avgTemperature>369</avgTemperature>
                <rotationalPeriod>46875</rotationalPeriod>
                <atmosphereDensity>16</atmosphereDensity>
                <generateCraters>true</generateCraters>
                <generateCaves>false</generateCaves>
                <generateVolcanos>false</generateVolcanos>
                <generateStructures>false</generateStructures>
                <generateGeodes>false</generateGeodes>
                <biomeIds>advancedrocketry:moon;30,advancedrocketry:moondark;30</biomeIds>
            </planet>
            <oceanBlock>minecraft:lava</oceanBlock>
        </planet>
        <planet DIMID="58" name="Ma-Roo 58">
            <isKnown>false</isKnown>
            <fogColor>1.0,1.0,1.0</fogColor>
            <skyColor>0.8,0.9299372,0.0</skyColor>
            <gravitationalMultiplier>104</gravitationalMultiplier>
            <orbitalDistance>50</orbitalDistance>
            <orbitalTheta>32</orbitalTheta>
            <orbitalPhi>-33</orbitalPhi>
            <retrograde>false</retrograde>
            <avgTemperature>945</avgTemperature>
            <rotationalPeriod>21031</rotationalPeriod>
            <atmosphereDensity>182</atmosphereDensity>
            <generateCraters>false</generateCraters>
            <generateCaves>false</generateCaves>
            <generateVolcanos>true</generateVolcanos>
            <generateStructures>false</generateStructures>
            <generateGeodes>true</generateGeodes>
            <biomeIds>minecraft:savanna_rock;30,minecraft:savanna;30,byg:bsonorandesert;3,biomesoplenty:fungi_forest;30,byg:btropical_islands;4</biomeIds>
            <planet DIMID="59" name="Ma-Roo 58: 0">
                <isKnown>false</isKnown>
                <fogColor>1.0,1.0,1.0</fogColor>
                <skyColor>0.8,0.70785546,0.30335605</skyColor>
                <gravitationalMultiplier>62</gravitationalMultiplier>
                <orbitalDistance>154</orbitalDistance>
                <orbitalTheta>5</orbitalTheta>
                <orbitalPhi>312</orbitalPhi>
                <retrograde>false</retrograde>
                <avgTemperature>412</avgTemperature>
                <rotationalPeriod>100701</rotationalPeriod>
                <atmosphereDensity>21</atmosphereDensity>
                <generateCraters>true</generateCraters>
                <generateCaves>false</generateCaves>
                <generateVolcanos>false</generateVolcanos>
                <generateStructures>false</generateStructures>
                <generateGeodes>false</generateGeodes>
                <seaLevel>47</seaLevel>
                <biomeIds>advancedrocketry:moon;30,advancedrocketry:moondark;30</biomeIds>
            </planet>
            <oceanBlock>minecraft:lava</oceanBlock>
        </planet>
        <planet DIMID="60" name="Ma-Roo 60">
            <isKnown>false</isKnown>
            <fogColor>1.0,1.0,1.0</fogColor>
            <skyColor>0.8,0.8485904,0.0</skyColor>
            <gravitationalMultiplier>130</gravitationalMultiplier>
            <orbitalDistance>122</orbitalDistance>
            <orbitalTheta>179</orbitalTheta>
            <orbitalPhi>-168</orbitalPhi>
            <retrograde>false</retrograde>
            <avgTemperature>551</avgTemperature>
            <rotationalPeriod>10923</rotationalPeriod>
            <atmosphereDensity>125</atmosphereDensity>
            <generateCraters>false</generateCraters>
            <generateCaves>false</generateCaves>
            <generateVolcanos>true</generateVolcanos>
            <generateStructures>false</generateStructures>
            <generateGeodes>false</generateGeodes>
            <biomeIds>minecraft:desert;30,biomesoplenty:bayou;30,minecraft:deep_ocean;30,biomesoplenty:undergarden;30,byg:bdeadsea;2</biomeIds>
            <planet DIMID="61" name="Ma-Roo 60: 0">
                <isKnown>false</isKnown>
                <fogColor>1.0,1.0,1.0</fogColor>
                <skyColor>0.8,0.9471457,0.40188825</skyColor>
                <gravitationalMultiplier>56</gravitationalMultiplier>
                <orbitalDistance>193</orbitalDistance>
                <orbitalTheta>326</orbitalTheta>
                <orbitalPhi>-105</orbitalPhi>
                <retrograde>false</retrograde>
                <avgTemperature>368</avgTemperature>
                <rotationalPeriod>136661</rotationalPeriod>
                <atmosphereDensity>16</atmosphereDensity>
                <generateCraters>true</generateCraters>
                <generateCaves>false</generateCaves>
                <generateVolcanos>false</generateVolcanos>
                <generateStructures>false</generateStructures>
                <generateGeodes>false</generateGeodes>
                <seaLevel>72</seaLevel>
                <biomeIds>advancedrocketry:moon;30,advancedrocketry:moondark;30</biomeIds>
                <oceanBlock>advancedrocketry:oxygenfluid</oceanBlock>
            </planet>
            <oceanBlock>minecraft:lava</oceanBlock>
        </planet>
        <planet DIMID="62" name="Ma-Roo 62">
            <isKnown>false</isKnown>
            <fogColor>1.0,1.0,1.0</fogColor>
            <skyColor>0.8,0.8304456,0.49918485</skyColor>
            <gravitationalMultiplier>103</gravitationalMultiplier>
            <orbitalDistance>216</orbitalDistance>
            <orbitalTheta>105</orbitalTheta>
            <orbitalPhi>57</orbitalPhi>
            <retrograde>false</retrograde>
            <avgTemperature>348</avgTemperature>
            <rotationalPeriod>21646</rotationalPeriod>
            <atmosphereDensity>53</atmosphereDensity>
            <generateCraters>true</generateCraters>
            <generateCaves>false</generateCaves>
            <generateVolcanos>false</generateVolcanos>
            <generateStructures>false</generateStructures>
            <generateGeodes>false</generateGeodes>
            <biomeIds>minecraft:desert_hills;30</biomeIds>
        </planet>
        <planet DIMID="63" name="Ma-Roo 63">
            <isKnown>false</isKnown>
            <fogColor>1.0,1.0,1.0</fogColor>
            <skyColor>0.8,0.5728517,0.0</skyColor>
            <gravitationalMultiplier>130</gravitationalMultiplier>
            <orbitalDistance>115</orbitalDistance>
            <orbitalTheta>258</orbitalTheta>
            <orbitalPhi>16</orbitalPhi>
            <retrograde>false</retrograde>
            <avgTemperature>631</avgTemperature>
            <rotationalPeriod>10923</rotationalPeriod>
            <atmosphereDensity>192</atmosphereDensity>
            <generateCraters>false</generateCraters>
            <generateCaves>false</generateCaves>
            <generateVolcanos>true</generateVolcanos>
            <generateStructures>false</generateStructures>
            <generateGeodes>true</generateGeodes>
            <biomeIds>minecraft:mutated_mesa_rock;30,byg:bbaobabsavanna;3,minecraft:mutated_desert;30,minecraft:deep_ocean;30,minecraft:mutated_jungle_edge;30</biomeIds>
            <planet DIMID="64" name="Ma-Roo 63: 0">
                <isKnown>false</isKnown>
                <fogColor>1.0,1.0,1.0</fogColor>
                <skyColor>0.8,0.86735225,0.37512422</skyColor>
                <gravitationalMultiplier>52</gravitationalMultiplier>
                <orbitalDistance>185</orbitalDistance>
                <orbitalTheta>68</orbitalTheta>
                <orbitalPhi>-33</orbitalPhi>
                <retrograde>false</retrograde>
                <avgTemperature>376</avgTemperature>
                <rotationalPeriod>170687</rotationalPeriod>
                <atmosphereDensity>19</atmosphereDensity>
                <generateCraters>true</generateCraters>
                <generateCaves>false</generateCaves>
                <generateVolcanos>false</generateVolcanos>
                <generateStructures>false</generateStructures>
                <generateGeodes>false</generateGeodes>
                <biomeIds>advancedrocketry:moon;30,advancedrocketry:moondark;30</biomeIds>
            </planet>
            <planet DIMID="65" name="Ma-Roo 63: 1">
                <isKnown>false</isKnown>
                <fogColor>1.0,1.0,1.0</fogColor>
                <skyColor>0.8,0.7043551,0.41037846</skyColor>
                <gravitationalMultiplier>48</gravitationalMultiplier>
                <orbitalDistance>191</orbitalDistance>
                <orbitalTheta>233</orbitalTheta>
                <orbitalPhi>-182</orbitalPhi>
                <retrograde>false</retrograde>
                <avgTemperature>370</avgTemperature>
                <rotationalPeriod>217013</rotationalPeriod>
                <atmosphereDensity>19</atmosphereDensity>
                <generateCraters>true</generateCraters>
                <generateCaves>false</generateCaves>
                <generateVolcanos>false</generateVolcanos>
                <generateStructures>false</generateStructures>
                <generateGeodes>false</generateGeodes>
                <biomeIds>advancedrocketry:moon;30,advancedrocketry:moondark;30</biomeIds>
            </planet>
            <planet DIMID="66" name="Ma-Roo 63: 2">
                <isKnown>false</isKnown>
                <fogColor>1.0,1.0,1.0</fogColor>
                <skyColor>0.8,0.5031805,0.10406858</skyColor>
                <gravitationalMultiplier>85</gravitationalMultiplier>
                <orbitalDistance>115</orbitalDistance>
                <orbitalTheta>52</orbitalTheta>
                <orbitalPhi>115</orbitalPhi>
                <retrograde>false</retrograde>
                <avgTemperature>477</avgTemperature>
                <rotationalPeriod>39079</rotationalPeriod>
                <atmosphereDensity>27</atmosphereDensity>
                <generateCraters>true</generateCraters>
                <generateCaves>false</generateCaves>
                <generateVolcanos>true</generateVolcanos>
                <generateStructures>false</generateStructures>
                <generateGeodes>false</generateGeodes>
                <biomeIds>byg:bbaobabsavanna;3,biomesoplenty:undergarden;30,byg:bcolored_canyons;3,byg:bredwoodtropics;4,byg:bsavannacanopy;3</biomeIds>
                <oceanBlock>minecraft:lava</oceanBlock>
            </planet>
            <oceanBlock>minecraft:lava</oceanBlock>
        </planet>
    </star>
    <star blackHole="false" name="Alykitt" numGasGiants="0" numPlanets="0" size="1.0" temp="120" x="75" y="200">
        <planet DIMID="72" name="Alykitt 72">
            <isKnown>false</isKnown>
            <GasGiant>true</GasGiant>
            <gas>oxygen</gas>
            <gas>nitrogen</gas>
            <fogColor>1.0,1.0,1.0</fogColor>
            <skyColor>1.0,1.0,1.0</skyColor>
            <gravitationalMultiplier>93</gravitationalMultiplier>
            <orbitalDistance>210</orbitalDistance>
            <orbitalTheta>0</orbitalTheta>
            <orbitalPhi>0</orbitalPhi>
            <retrograde>false</retrograde>
            <avgTemperature>264</avgTemperature>
            <rotationalPeriod>24000</rotationalPeriod>
            <atmosphereDensity>152</atmosphereDensity>
            <generateCraters>false</generateCraters>
            <generateCaves>false</generateCaves>
            <generateVolcanos>false</generateVolcanos>
            <generateStructures>false</generateStructures>
            <generateGeodes>false</generateGeodes>
        </planet>
        <planet DIMID="73" name="Alykitt 73">
            <isKnown>false</isKnown>
            <fogColor>1.0,1.0,1.0</fogColor>
            <skyColor>0.8,0.72393966,0.25875288</skyColor>
            <gravitationalMultiplier>92</gravitationalMultiplier>
            <orbitalDistance>85</orbitalDistance>
            <orbitalTheta>35</orbitalTheta>
            <orbitalPhi>-323</orbitalPhi>
            <retrograde>false</retrograde>
            <avgTemperature>404</avgTemperature>
            <rotationalPeriod>30323</rotationalPeriod>
            <atmosphereDensity>136</atmosphereDensity>
            <generateCraters>false</generateCraters>
            <generateCaves>false</generateCaves>
            <generateVolcanos>false</generateVolcanos>
            <generateStructures>true</generateStructures>
            <generateGeodes>true</generateGeodes>
            <biomeIds>minecraft:mutated_jungle;30,minecraft:roofed_forest;10,byg:bgreatoaklowlands;4,byg:bcypress_swamplands;3,biomesoplenty:wasteland;30</biomeIds>
        </planet>
        <planet DIMID="74" name="Alykitt 74">
            <isKnown>false</isKnown>
            <fogColor>1.0,1.0,1.0</fogColor>
            <skyColor>0.8,0.9310589,0.7607665</skyColor>
            <gravitationalMultiplier>110</gravitationalMultiplier>
            <orbitalDistance>173</orbitalDistance>
            <orbitalTheta>327</orbitalTheta>
            <orbitalPhi>-255</orbitalPhi>
            <retrograde>false</retrograde>
            <avgTemperature>252</avgTemperature>
            <rotationalPeriod>17787</rotationalPeriod>
            <atmosphereDensity>85</atmosphereDensity>
            <generateCraters>false</generateCraters>
            <generateCaves>false</generateCaves>
            <generateVolcanos>false</generateVolcanos>
            <generateStructures>true</generateStructures>
            <generateGeodes>false</generateGeodes>
            <biomeIds>advancedrocketry:crystalchasms;30</biomeIds>
            <planet DIMID="75" name="Alykitt 74: 0">
                <isKnown>false</isKnown>
                <fogColor>1.0,1.0,1.0</fogColor>
                <skyColor>0.8,0.8648537,0.6885376</skyColor>
                <gravitationalMultiplier>55</gravitationalMultiplier>
                <orbitalDistance>109</orbitalDistance>
                <orbitalTheta>303</orbitalTheta>
                <orbitalPhi>-8</orbitalPhi>
                <retrograde>false</retrograde>
                <avgTemperature>294</avgTemperature>
                <rotationalPeriod>144252</rotationalPeriod>
                <atmosphereDensity>27</atmosphereDensity>
                <generateCraters>true</generateCraters>
                <generateCaves>false</generateCaves>
                <generateVolcanos>false</generateVolcanos>
                <generateStructures>false</generateStructures>
                <generateGeodes>false</generateGeodes>
                <biomeIds>advancedrocketry:crystalchasms;30</biomeIds>
            </planet>
        </planet>
        <planet DIMID="76" name="Alykitt 76">
            <isKnown>false</isKnown>
            <fogColor>1.0,1.0,1.0</fogColor>
            <skyColor>0.8,0.81574214,0.81206834</skyColor>
            <gravitationalMultiplier>130</gravitationalMultiplier>
            <orbitalDistance>134</orbitalDistance>
            <orbitalTheta>174</orbitalTheta>
            <orbitalPhi>-135</orbitalPhi>
            <retrograde>false</retrograde>
            <avgTemperature>265</avgTemperature>
            <rotationalPeriod>10923</rotationalPeriod>
            <atmosphereDensity>40</atmosphereDensity>
            <generateCraters>true</generateCraters>
            <generateCaves>false</generateCaves>
            <generateVolcanos>false</generateVolcanos>
            <generateStructures>false</generateStructures>
            <generateGeodes>false</generateGeodes>
            <biomeIds>minecraft:extreme_hills;10</biomeIds>
            <planet DIMID="77" name="Alykitt 76: 0">
                <isKnown>false</isKnown>
                <fogColor>1.0,1.0,1.0</fogColor>
                <skyColor>0.8,0.8304204,0.77129036</skyColor>
                <gravitationalMultiplier>40</gravitationalMultiplier>
                <orbitalDistance>144</orbitalDistance>
                <orbitalTheta>329</orbitalTheta>
                <orbitalPhi>-76</orbitalPhi>
                <retrograde>false</retrograde>
                <avgTemperature>255</avgTemperature>
                <rotationalPeriod>375000</rotationalPeriod>
                <atmosphereDensity>21</atmosphereDensity>
                <generateCraters>true</generateCraters>
                <generateCaves>false</generateCaves>
                <generateVolcanos>false</generateVolcanos>
                <generateStructures>false</generateStructures>
                <generateGeodes>false</generateGeodes>
                <biomeIds>advancedrocketry:moon;30,advancedrocketry:moondark;30</biomeIds>
            </planet>
            <planet DIMID="78" name="Alykitt 76: 1">
                <isKnown>false</isKnown>
                <fogColor>1.0,1.0,1.0</fogColor>
                <skyColor>0.8,0.76339257,0.64558476</skyColor>
                <gravitationalMultiplier>82</gravitationalMultiplier>
                <orbitalDistance>109</orbitalDistance>
                <orbitalTheta>147</orbitalTheta>
                <orbitalPhi>-103</orbitalPhi>
                <retrograde>false</retrograde>
                <avgTemperature>294</avgTemperature>
                <rotationalPeriod>43528</rotationalPeriod>
                <atmosphereDensity>21</atmosphereDensity>
                <generateCraters>true</generateCraters>
                <generateCaves>false</generateCaves>
                <generateVolcanos>false</generateVolcanos>
                <generateStructures>false</generateStructures>
                <generateGeodes>false</generateGeodes>
                <seaLevel>67</seaLevel>
                <biomeIds>advancedrocketry:moon;30,advancedrocketry:moondark;30</biomeIds>
                <oceanBlock>advancedrocketry:oxygenfluid</oceanBlock>
            </planet>
            <planet DIMID="79" name="Alykitt 76: 2">
                <isKnown>false</isKnown>
                <fogColor>1.0,1.0,1.0</fogColor>
                <skyColor>0.8,0.97361237,0.88175434</skyColor>
                <gravitationalMultiplier>52</gravitationalMultiplier>
                <orbitalDistance>197</orbitalDistance>
                <orbitalTheta>244</orbitalTheta>
                <orbitalPhi>-194</orbitalPhi>
                <retrograde>false</retrograde>
                <avgTemperature>218</avgTemperature>
                <rotationalPeriod>161206</rotationalPeriod>
                <atmosphereDensity>36</atmosphereDensity>
                <generateCraters>true</generateCraters>
                <generateCaves>false</generateCaves>
                <generateVolcanos>false</generateVolcanos>
                <generateStructures>false</generateStructures>
                <generateGeodes>false</generateGeodes>
                <seaLevel>51</seaLevel>
                <biomeIds>byg:borchard;4,minecraft:beaches;30,minecraft:deep_ocean;30,biomesoplenty:land_of_lakes;30,biomesoplenty:temperate_rainforest;30</biomeIds>
            </planet>
        </planet>
    </star>
</galaxy>
