{"stat.drop.minecraft.mutton":3,"stat.leaveGame":6,"stat.mineBlock.thaumcraft.ore_quartz":1,"stat.pickup.quarryplus.solidquarry":1,"stat.drop.appliedenergistics2.storage_cell_64k":30,"stat.mineBlock.minecraft.sandstone":1,"stat.pickup.appliedenergistics2.drive":45,"stat.pickup.minecraft.porkchop":7,"stat.pickup.hbm.fragment_boron":1,"stat.pickup.hbm.fragment_niobium":1,"stat.useItem.thermalfoundation.upgrade":1,"stat.pickup.minecraft.rotten_flesh":68,"stat.pickup.minecraft.sand":72,"stat.killEntity.Enderman":1,"stat.mineBlock.minecraft.wooden_slab":1,"stat.drop.appliedenergistics2.part":1,"stat.useItem.tcomplement.chisel":36,"stat.pickup.thermalfoundation.coin":6,"stat.mineBlock.minecraft.sand":52,"stat.killEntity.Witch":4,"stat.drop.minecraft.sand":1,"stat.pickup.hbm.gas_mask_m65":2,"stat.killEntity.Villager":11,"stat.pickup.xlfoodmod.strawberry_seeds":1,"stat.pickup.mekanismgenerators.generator":3,"stat.pickup.minecraft.double_plant":1,"stat.pickup.mob_grinding_utils.fan_upgrade":32,"stat.furnaceInteraction":1,"stat.pickup.byg.whitesage":1,"stat.mineBlock.chisel.andesite1":1,"stat.mineBlock.quarryplus.enchantmover":1,"stat.killEntity.ZombieVillager":4,"stat.pickup.xlfoodmod.lettuce_seeds":1,"stat.craftItem.thermalfoundation.material":620,"stat.useItem.enderutilities.dolly":17,"stat.pickup.minecraft.beef":12,"stat.pickup.chisel.andesite1":1,"stat.useItem.thermaldynamics.duct_0":8,"stat.pickup.xlfoodmod.vanilla_flower":1,"stat.pickup.minecraft.skull":2,"stat.killEntity.Horse":3,"stat.mineBlock.thermalexpansion.dynamo":3,"stat.drop.hbm.weapon_pipe_lead":1,"stat.pickup.minecraft.potion":1,"stat.craftItem.toughasnails.canteen":1,"stat.useItem.minecraft.flint_and_steel":1,"stat.mineBlock.minecraft.fence":15,"stat.pickup.hbm.ingot_polymer":1,"stat.useItem.fluxnetworks.fluxconfigurator":71,"stat.entityKilledBy.BrainyZombie":1,"stat.pickup.xlfoodmod.salt":11,"stat.mineBlock.appliedenergistics2.dense_energy_cell":65,"stat.pickup.enderutilities.machine_0":1,"stat.pickup.minecraft.lever":1,"stat.deaths":13,"stat.pickup.xlfoodmod.pepper_seeds":1,"stat.pickup.minecraft.egg":7,"stat.playOneMinute":424588,"stat.mineBlock.minecraft.tallgrass":137,"stat.pickup.libvulpes.ore0":6,"stat.mineBlock.thermalexpansion.machine":2,"stat.chestOpened":40,"stat.useItem.minecraft.stone":16,"stat.drop.bloodmagic.bound_pickaxe":1,"stat.pickup.minecraft.arrow":25,"stat.pickup.minecraft.iron_sword":1,"stat.useItem.enderutilities.endertool":40,"stat.mineBlock.appliedenergistics2.cable_bus":18,"stat.drop.thaumcraft.amber":1,"stat.drop.xlfoodmod.salt":1,"stat.fallOneCm":185366,"stat.mineBlock.quarryplus.solidquarry":1,"stat.crouchOneCm":32185,"stat.mineBlock.projecte.dm_pedestal":1,"stat.mineBlock.minecraft.chest":3,"stat.craftItem.minecraft.iron_ingot":254,"stat.craftItem.minecraft.chest":8,"stat.mineBlock.minecraft.lever":1,"stat.drop.appliedenergistics2.drive":1,"stat.craftingTableInteraction":10,"stat.useItem.enderutilities.builderswand":1,"stat.pickup.minecraft.feather":6,"stat.craftItem.hbm.ingot_titanium":22,"stat.useItem.chisel.andesite1":25,"stat.pickup.minecraft.dye":1,"stat.useItem.enderutilities.handybag":1,"stat.pickup.minecraft.planks":1,"stat.pickup.minecraft.wheat_seeds":11,"stat.pickup.enderio.item_material":1,"stat.pickup.byg.angelica":1,"stat.mineBlock.minecraft.gravel":4,"stat.useItem.minecraft.stone_pickaxe":159,"stat.pickup.chisel.andesite":4,"stat.pickup.mob_grinding_utils.fan":2,"stat.mineBlock.xlfoodmod.grass":2,"stat.mineBlock.minecraft.dirt":109,"stat.pickup.quarryplus.enchantmover":1,"stat.useItem.enderio.block_solar_panel":64,"stat.pickup.hbm.sulfur":1,"stat.mineBlock.hbm.ore_meteor_sulfur":1,"stat.mineBlock.enderio.block_solar_panel":1,"stat.useItem.minecraft.torch":16,"stat.drop.minecraft.rotten_flesh":10,"stat.pickup.minecraft.crafting_table":1,"stat.useItem.minecraft.cobblestone":12,"stat.craftItem.minecraft.crafting_table":1,"stat.pickup.appliedenergistics2.energy_acceptor":1,"stat.mineBlock.minecraft.double_plant":15,"stat.mineBlock.enderutilities.machine_0":1,"stat.pickup.hbm.fragment_neodymium":1,"stat.pickup.minecraft.log":214,"stat.craftItem.libvulpes.productdust":48,"stat.drop.minecraft.chicken":5,"stat.pickup.minecraft.chicken":21,"stat.pickup.hbm.ore_copper":6,"stat.pickup.minecraft.sapling":1,"stat.mineBlock.chisel.andesite":10,"stat.pickup.hbm.weapon_pipe_lead":1,"stat.craftItem.enderutilities.enderpart":8,"stat.mineBlock.enderio.block_holy_dark_fused_glass":9,"stat.drop.minecraft.fish":2,"stat.useItem.bloodmagic.bound_pickaxe":2203,"stat.craftItem.minecraft.planks":304,"stat.mineBlock.minecraft.log":283,"stat.pickup.hbm.fragment_cerium":1,"stat.drop.cgm.workbench":1,"stat.killEntity.BabySkeleton":10,"stat.pickup.minecraft.red_flower":2,"stat.sneakTime":17419,"stat.pickup.thaumcraft.amber":3,"stat.pickup.minecraft.wool":3,"stat.mineBlock.hbm.block_meteor_broken":11,"stat.pickup.appliedenergistics2.part":20,"stat.pickup.minecraft.yellow_flower":1,"stat.pickup.minecraft.chest":3,"stat.mineBlock.thaumcraft.ore_cinnabar":2,"stat.pickup.minecraft.bone":22,"stat.useItem.appliedenergistics2.controller":260,"stat.useItem.thermalexpansion.reservoir":251,"stat.mineBlock.minecraft.cobblestone":1,"stat.useItem.appliedenergistics2.dense_energy_cell":191,"stat.pickup.minecraft.flint":2,"stat.mineBlock.minecraft.yellow_flower":1,"stat.drop.xlfoodmod.vanilla_flower":1,"stat.mineBlock.hbm.block_meteor_molten":1,"stat.mineBlock.appliedenergistics2.quartz_ore":6,"stat.swimOneCm":65452,"stat.climbOneCm":519,"stat.pickup.minecraft.enchanted_book":7,"stat.mineBlock.thaumcraft.ore_amber":3,"stat.pickup.thermalexpansion.machine":2,"stat.ae2.ItemsExtracted":2,"stat.useItem.minecraft.dirt":93,"stat.pickup.appliedenergistics2.dense_energy_cell":65,"stat.useItem.minecraft.stone_slab2":198,"stat.pickup.minecraft.bow":3,"stat.pickup.thermalfoundation.ore":30,"stat.useItem.chisel.andesite":517,"stat.useItem.mob_grinding_utils.fan":5,"stat.drop.cgm.assault_rifle":1,"stat.pickup.appliedenergistics2.controller":185,"stat.craftItem.minecraft.stone_pickaxe":1,"stat.pickup.taiga.karmesine_ore":2,"stat.pickup.everlastingabilities.ability_totem":7,"stat.pickup.minecraft.cobblestone":125,"stat.flyOneCm":769793,"stat.pickup.minecraft.sandstone":4,"stat.pickup.appliedenergistics2.material":18,"stat.pickup.minecraft.fish":2,"stat.pickup.appliedenergistics2.storage_cell_64k":81,"stat.pickup.minecraft.redstone":1,"stat.mineBlock.minecraft.iron_ore":31,"stat.timeSinceDeath":221156,"stat.pickup.minecraft.mutton":10,"stat.mineBlock.xlfoodmod.vanilla_flower":1,"stat.pickup.hbm.fragment_cobalt":1,"stat.mineBlock.mekanismgenerators.generator":2,"stat.pickup.thermalexpansion.dynamo":3,"stat.useItem.minecraft.lever":3,"stat.mineBlock.thermalfoundation.ore":38,"stat.pickup.xlfoodmod.cucumber_seeds":1,"stat.pickup.byg.rose":1,"stat.pickup.tanaddons.thirst_quencher":1,"stat.drop.minecraft.flint_and_steel":1,"stat.killEntity.Wolf":8,"stat.pickup.thermaldynamics.duct_0":2,"stat.pickup.hbm.weapon_pipe_rusty":2,"stat.mineBlock.minecraft.coal_ore":74,"stat.mineBlock.byg.rose":2,"stat.killEntity.Creeper":16,"stat.talkedToVillager":4,"stat.pickup.minecraft.string":10,"stat.pickup.cgm.advanced_ammo":47,"stat.ae2.ItemsInserted":105,"stat.mineBlock.libvulpes.ore0":13,"stat.entityKilledBy.Skeleton":1,"stat.craftItem.minecraft.stone_slab2":0,"stat.pickup.hbm.geiger_counter":1,"stat.killEntity.Squid":5,"stat.sprintOneCm":350319,"stat.mineBlock.mekanism.oreblock":25,"stat.pickup.enderio.block_solar_panel":1,"stat.useItem.enderstorage.ender_storage":6,"stat.pickup.minecraft.grass":1,"stat.mineBlock.minecraft.crafting_table":1,"stat.waystones:waystonesActivated":1,"stat.useItem.extrautils2.itembuilderswand":136,"stat.mineBlock.minecraft.planks":2,"stat.drop":58,"stat.pickup.byg.cracked_sand":9,"stat.killEntity.Sheep":7,"stat.useItem.fluxnetworks.gargantuanfluxstorage":64,"stat.killEntity.Zombie":78,"stat.mineBlock.xlfoodmod.rock_salt":1,"stat.diveOneCm":71627,"stat.mineBlock.byg.cracked_sand":9,"stat.mineBlock.hbm.block_meteor_treasure":1,"stat.killEntity.BrainyZombie":6,"stat.useItem.enderio.block_holy_dark_fused_glass":23,"stat.drop.minecraft.wooden_pickaxe":1,"stat.pickup.minecraft.gravel":1,"stat.pickup.thaumcraft.curio":1,"stat.useItem.enderio.item_endergy_conduit":64,"stat.mineBlock.hbm.ore_rare":2,"stat.drop.minecraft.ladder":1,"stat.mineBlock.appliedenergistics2.drive":44,"stat.mineBlock.hbm.ore_coal_oil":4,"stat.pickup.xlfoodmod.onion":2,"stat.pickup.everlastingabilities.ability_bottle":1,"stat.pickup.byg.soapstone":6,"stat.mineBlock.appliedenergistics2.energy_acceptor":1,"stat.jump":4126,"stat.pickup.minecraft.fence":15,"stat.pickup.minecraft.coal":108,"stat.pickup.minecraft.iron_ingot":45,"stat.mineBlock.mekanism.boundingblock":1,"stat.pickup.enderio.item_endergy_conduit":1,"stat.pickup.minecraft.gunpowder":14,"stat.pickup.minecraft.spider_eye":9,"stat.craftItem.minecraft.torch":4,"stat.pickup.byg.scoria":4,"stat.pickup.minecraft.dirt":18,"stat.mineBlock.hbm.ore_aluminium":1,"stat.craftItem.comforts.sleeping_bag":1,"stat.pickup.minecraft.iron_ore":9,"stat.craftItem.minecraft.flint_and_steel":1,"stat.mineBlock.hbm.ore_lignite":2,"stat.pickup.xlfoodmod.tomato_seeds":1,"stat.mineBlock.minecraft.glass_pane":1,"stat.damageTaken":29574,"stat.pickup.minecraft.leather":4,"stat.pickup.enderio.block_holy_dark_fused_glass":8,"stat.mineBlock.minecraft.torch":24,"stat.mineBlock.minecraft.red_flower":2,"stat.useItem.minecraft.wooden_pickaxe":27,"stat.pickup.minecraft.reeds":18,"stat.pickup.minecraft.bed":3,"stat.pickup.minecraft.potato":1,"stat.entityKilledBy.Zombie":1,"stat.drop.thaumcraft.brain":2,"stat.damageDealt":42339,"stat.sleepInBed":8,"stat.useItem.thermalexpansion.augment":8,"stat.killEntity.Cow":4,"stat.killEntity.Pig":4,"stat.walkOneCm":455641,"stat.playerKills":10,"stat.useItem.minecraft.chest":5,"stat.pickup.mekanism.oreblock":20,"stat.pickup.hbm.fragment_meteorite":2,"stat.useItem.appliedenergistics2.network_tool":19,"stat.pickup.cgm.rifle":1,"stat.craftItem.mekanism.ingot":36,"stat.mineBlock.thermaldynamics.duct_0":3,"stat.mineBlock.appliedenergistics2.controller":184,"stat.pickup.minecraft.stone":370,"stat.pickup.projecte.fuel_block":13,"stat.mineBlock.minecraft.wool":39,"stat.pickup.minecraft.ender_pearl":1,"stat.drop.minecraft.egg":2,"stat.pickup.minecraft.ladder":2,"stat.pickup.taiga.ovium_ore":1,"stat.pickup.bloodmagic.bound_pickaxe":1,"stat.killEntity.Skeleton":42,"stat.pickup.hbm.fragment_lanthanium":1,"stat.useItem.tanaddons.thirst_quencher":21,"stat.pickup.adfinders.metals_finder":1,"stat.mineBlock.byg.soapstone":1,"stat.killEntity.Chicken":26,"stat.useItem.byg.cracked_sand":3,"stat.killEntity.Spider":21,"stat.mobKills":260,"stat.useItem.thaumcraft.curio":1,"stat.pickup.minecraft.quartz":1,"stat.mineBlock.hbm.block_meteor_cobble":5,"stat.useItem.appliedenergistics2.drive":41,"stat.mineBlock.mob_grinding_utils.fan":2,"stat.mineBlock.minecraft.leaves":7,"stat.pickup.minecraft.torch":35,"stat.useItem.appliedenergistics2.part":21,"stat.mineBlock.hbm.ore_copper":6,"stat.pickup.thaumcraft.brain":16,"stat.mineBlock.minecraft.redstone_ore":1,"stat.mineBlock.minecraft.stone":669}