{
  "minecraft:recipes/tools/fishing_rod": {
    "criteria": {
      "has_string": "2023-09-02 22:53:07 +0300"
    },
    "done": true
  },
  "minecraft:recipes/building_blocks/purple_wool": {
    "criteria": {
      "has_white_wool": "2023-09-03 13:40:24 +0300"
    },
    "done": true
  },
  "minecraft:recipes/building_blocks/red_stained_hardened_clay": {
    "criteria": {
      "has_hardened_clay": "2023-09-04 16:35:55 +0300"
    },
    "done": true
  },
  "minecraft:recipes/redstone/lever": {
    "criteria": {
      "has_cobblestone": "2023-09-02 23:11:33 +0300"
    },
    "done": true
  },
  "minecraft:recipes/building_blocks/magenta_concrete_powder": {
    "criteria": {
      "has_sand": "2023-09-02 23:43:38 +0300"
    },
    "done": true
  },
  "biomesoplenty:recipes/buildingblocks/coarse_silty_dirt": {
    "criteria": {
      "has_gravel": "2023-09-03 13:29:41 +0300"
    },
    "done": true
  },
  "minecraft:recipes/combat/iron_sword": {
    "criteria": {
      "has_iron_ingot": "2023-09-03 12:45:58 +0300"
    },
    "done": true
  },
  "minecraft:recipes/redstone/observer": {
    "criteria": {
      "has_quartz": "2023-09-02 23:28:09 +0300"
    },
    "done": true
  },
  "minecraft:recipes/building_blocks/oak_wooden_slab": {
    "criteria": {
      "has_planks": "2023-09-02 20:29:54 +0300"
    },
    "done": true
  },
  "minecraft:recipes/decorations/white_bed": {
    "criteria": {
      "has_white_wool": "2023-09-03 13:40:24 +0300"
    },
    "done": true
  },
  "minecraft:recipes/building_blocks/lime_concrete_powder": {
    "criteria": {
      "has_sand": "2023-09-02 23:43:38 +0300"
    },
    "done": true
  },
  "minecraft:recipes/tools/iron_pickaxe": {
    "criteria": {
      "has_iron_ingot": "2023-09-03 12:45:58 +0300"
    },
    "done": true
  },
  "minecraft:recipes/building_blocks/yellow_concrete_powder": {
    "criteria": {
      "has_sand": "2023-09-02 23:43:38 +0300"
    },
    "done": true
  },
  "biomesoplenty:recipes/decorations/sign_from_bop_wood": {
    "criteria": {
      "has_the_recipe": "2023-09-02 20:29:54 +0300"
    },
    "done": true
  },
  "minecraft:recipes/combat/leather_helmet": {
    "criteria": {
      "has_leather": "2023-09-02 23:45:31 +0300"
    },
    "done": true
  },
  "minecraft:recipes/decorations/crafting_table": {
    "criteria": {
      "has_planks": "2023-09-02 20:29:54 +0300"
    },
    "done": true
  },
  "minecraft:recipes/redstone/redstone": {
    "criteria": {
      "has_the_recipe": "2023-09-03 13:31:07 +0300"
    },
    "done": true
  },
  "minecraft:recipes/building_blocks/magenta_wool": {
    "criteria": {
      "has_white_wool": "2023-09-03 13:40:24 +0300"
    },
    "done": true
  },
  "minecraft:recipes/building_blocks/mossy_stonebrick": {
    "criteria": {
      "has_mossy_cobblestone": "2023-09-04 15:57:56 +0300"
    },
    "done": true
  },
  "minecraft:recipes/redstone/trapdoor": {
    "criteria": {
      "has_planks": "2023-09-02 20:29:54 +0300"
    },
    "done": true
  },
  "minecraft:recipes/decorations/ladder": {
    "criteria": {
      "has_stick": "2023-09-02 20:29:54 +0300"
    },
    "done": true
  },
  "minecraft:recipes/building_blocks/black_stained_hardened_clay": {
    "criteria": {
      "has_hardened_clay": "2023-09-04 16:35:55 +0300"
    },
    "done": true
  },
  "minecraft:recipes/misc/iron_nugget": {
    "criteria": {
      "has_iron_ingot": "2023-09-03 12:45:58 +0300"
    },
    "done": true
  },
  "minecraft:recipes/decorations/chest": {
    "criteria": {
      "has_lots_of_items": "2023-09-02 20:29:54 +0300"
    },
    "done": true
  },
  "minecraft:recipes/building_blocks/white_stained_hardened_clay": {
    "criteria": {
      "has_hardened_clay": "2023-09-04 16:35:55 +0300"
    },
    "done": true
  },
  "minecraft:recipes/building_blocks/brown_concrete_powder": {
    "criteria": {
      "has_sand": "2023-09-02 23:43:38 +0300"
    },
    "done": true
  },
  "minecraft:recipes/building_blocks/red_sandstone": {
    "criteria": {
      "has_sand": "2023-09-04 16:35:24 +0300"
    },
    "done": true
  },
  "minecraft:recipes/tools/wooden_shovel": {
    "criteria": {
      "has_stick": "2023-09-02 20:29:54 +0300"
    },
    "done": true
  },
  "minecraft:recipes/decorations/torch": {
    "criteria": {
      "has_stone_pickaxe": "2023-09-02 23:12:09 +0300"
    },
    "done": true
  },
  "minecraft:recipes/combat/diamond_sword": {
    "criteria": {
      "has_diamond": "2023-09-04 16:41:03 +0300"
    },
    "done": true
  },
  "minecraft:recipes/building_blocks/cyan_wool": {
    "criteria": {
      "has_white_wool": "2023-09-03 13:40:24 +0300"
    },
    "done": true
  },
  "minecraft:recipes/tools/shears": {
    "criteria": {
      "has_iron_ingot": "2023-09-03 12:45:58 +0300"
    },
    "done": true
  },
  "minecraft:recipes/building_blocks/lime_stained_hardened_clay": {
    "criteria": {
      "has_hardened_clay": "2023-09-04 16:35:55 +0300"
    },
    "done": true
  },
  "minecraft:recipes/misc/stick": {
    "criteria": {
      "has_planks": "2023-09-02 20:29:54 +0300"
    },
    "done": true
  },
  "minecraft:recipes/decorations/sign": {
    "criteria": {
      "has_planks": "2023-09-02 20:29:54 +0300"
    },
    "done": true
  },
  "minecraft:recipes/transportation/spruce_boat": {
    "criteria": {
      "entered_water": "2023-09-02 20:34:15 +0300"
    },
    "done": true
  },
  "minecraft:recipes/decorations/jukebox": {
    "criteria": {
      "has_diamond": "2023-09-04 16:41:03 +0300"
    },
    "done": true
  },
  "minecraft:recipes/building_blocks/diorite": {
    "criteria": {
      "has_quartz": "2023-09-02 23:28:09 +0300"
    },
    "done": true
  },
  "minecraft:recipes/tools/flint_and_steel": {
    "criteria": {
      "has_flint": "2023-09-03 13:28:34 +0300"
    },
    "done": true
  },
  "biomesoplenty:recipes/transportation/boat_ethereal": {
    "criteria": {
      "entered_water": "2023-09-02 20:34:15 +0300"
    },
    "done": true
  },
  "minecraft:recipes/redstone/dispenser": {
    "criteria": {
      "has_bow": "2023-09-02 23:41:41 +0300"
    },
    "done": true
  },
  "minecraft:recipes/building_blocks/dark_oak_planks": {
    "criteria": {
      "has_log2": "2023-09-02 20:29:54 +0300"
    },
    "done": true
  },
  "minecraft:recipes/food/cake": {
    "criteria": {
      "has_egg": "2023-09-02 23:41:48 +0300"
    },
    "done": true
  },
  "minecraft:recipes/building_blocks/gray_wool": {
    "criteria": {
      "has_white_wool": "2023-09-03 13:40:24 +0300"
    },
    "done": true
  },
  "minecraft:recipes/combat/iron_leggings": {
    "criteria": {
      "has_iron_ingot": "2023-09-03 12:45:58 +0300"
    },
    "done": true
  },
  "minecraft:recipes/building_blocks/sandstone_stairs": {
    "criteria": {
      "has_sandstone": "2023-09-02 23:43:44 +0300"
    },
    "done": true
  },
  "minecraft:recipes/redstone/dark_oak_door": {
    "criteria": {
      "has_planks": "2023-09-03 00:23:45 +0300"
    },
    "done": true
  },
  "minecraft:husbandry/balanced_diet": {
    "criteria": {
      "rotten_flesh": "2023-09-04 16:40:23 +0300"
    },
    "done": false
  },
  "minecraft:recipes/tools/wooden_hoe": {
    "criteria": {
      "has_stick": "2023-09-02 20:29:54 +0300"
    },
    "done": true
  },
  "minecraft:recipes/combat/shield": {
    "criteria": {
      "has_iron_ingot": "2023-09-03 12:45:58 +0300"
    },
    "done": true
  },
  "minecraft:recipes/building_blocks/cobblestone_slab": {
    "criteria": {
      "has_cobblestone": "2023-09-02 23:11:33 +0300"
    },
    "done": true
  },
  "minecraft:recipes/building_blocks/red_sandstone_stairs": {
    "criteria": {
      "has_red_sandstone": "2023-09-04 16:33:32 +0300"
    },
    "done": true
  },
  "minecraft:recipes/misc/bucket": {
    "criteria": {
      "has_iron_ingot": "2023-09-03 12:45:58 +0300"
    },
    "done": true
  },
  "minecraft:recipes/misc/iron_ingot_from_block": {
    "criteria": {
      "has_the_recipe": "2023-09-03 13:47:30 +0300"
    },
    "done": true
  },
  "minecraft:recipes/redstone/hopper": {
    "criteria": {
      "has_iron_ingot": "2023-09-03 12:45:58 +0300"
    },
    "done": true
  },
  "minecraft:recipes/building_blocks/coarse_dirt": {
    "criteria": {
      "has_gravel": "2023-09-03 13:29:41 +0300"
    },
    "done": true
  },
  "minecraft:recipes/redstone/fence_gate": {
    "criteria": {
      "has_planks": "2023-09-02 20:29:54 +0300"
    },
    "done": true
  },
  "biomesoplenty:recipes/transportation/boat_mangrove": {
    "criteria": {
      "entered_water": "2023-09-02 20:34:15 +0300"
    },
    "done": true
  },
  "minecraft:recipes/decorations/white_banner": {
    "criteria": {
      "has_white_wool": "2023-09-03 13:40:24 +0300"
    },
    "done": true
  },
  "enderioconduits:root": {
    "criteria": {
      "inv_changed-enderio:gravel": "2023-09-03 13:29:41 +0300",
      "inv_changed-enderio:sand": "2023-09-02 23:11:07 +0300"
    },
    "done": false
  },
  "minecraft:recipes/building_blocks/light_gray_concrete_powder": {
    "criteria": {
      "has_sand": "2023-09-02 23:43:38 +0300"
    },
    "done": true
  },
  "minecraft:recipes/building_blocks/light_blue_concrete_powder": {
    "criteria": {
      "has_sand": "2023-09-02 23:43:38 +0300"
    },
    "done": true
  },
  "biomesoplenty:recipes/transportation/boat_eucalyptus": {
    "criteria": {
      "entered_water": "2023-09-02 20:34:15 +0300"
    },
    "done": true
  },
  "minecraft:recipes/misc/lime_dye": {
    "criteria": {
      "has_green_dye": "2023-09-03 23:53:30 +0300"
    },
    "done": true
  },
  "minecraft:recipes/decorations/mossy_cobblestone_wall": {
    "criteria": {
      "has_mossy_cobblestone": "2023-09-04 15:57:56 +0300"
    },
    "done": true
  },
  "twilightforest:alt/compat/tconstruct": {
    "criteria": {
      "book": "2023-09-04 15:07:26 +0300"
    },
    "done": true
  },
  "minecraft:recipes/combat/leather_leggings": {
    "criteria": {
      "has_leather": "2023-09-02 23:45:31 +0300"
    },
    "done": true
  },
  "minecraft:recipes/combat/iron_helmet": {
    "criteria": {
      "has_iron_ingot": "2023-09-03 12:45:58 +0300"
    },
    "done": true
  },
  "minecraft:recipes/building_blocks/pink_concrete_powder": {
    "criteria": {
      "has_sand": "2023-09-02 23:43:38 +0300"
    },
    "done": true
  },
  "minecraft:recipes/combat/bow": {
    "criteria": {
      "has_string": "2023-09-02 22:53:07 +0300"
    },
    "done": true
  },
  "minecraft:recipes/building_blocks/sandstone_slab": {
    "criteria": {
      "has_sandstone": "2023-09-02 23:43:44 +0300"
    },
    "done": true
  },
  "minecraft:recipes/redstone/tnt": {
    "criteria": {
      "has_gunpowder": "2023-09-02 23:17:09 +0300"
    },
    "done": true
  },
  "appliedenergistics2:main/cable_glass": {
    "criteria": {
      "certus": "2023-09-03 23:31:27 +0300"
    },
    "done": true
  },
  "minecraft:recipes/building_blocks/smooth_sandstone": {
    "criteria": {
      "has_sandstone": "2023-09-02 23:43:44 +0300"
    },
    "done": true
  },
  "minecraft:recipes/building_blocks/granite": {
    "criteria": {
      "has_quartz": "2023-09-02 23:28:09 +0300"
    },
    "done": true
  },
  "minecraft:recipes/building_blocks/purple_concrete_powder": {
    "criteria": {
      "has_sand": "2023-09-02 23:43:38 +0300"
    },
    "done": true
  },
  "minecraft:recipes/decorations/iron_bars": {
    "criteria": {
      "has_iron_ingot": "2023-09-03 12:45:58 +0300"
    },
    "done": true
  },
  "minecraft:recipes/misc/sugar": {
    "criteria": {
      "has_reeds": "2023-09-02 23:45:10 +0300"
    },
    "done": true
  },
  "biomesoplenty:recipes/decorations/crafting_table_from_bop_wood": {
    "criteria": {
      "has_the_recipe": "2023-09-02 20:29:54 +0300"
    },
    "done": true
  },
  "minecraft:recipes/misc/red_dye_from_rose_bush": {
    "criteria": {
      "has_double_plant": "2023-09-02 23:42:17 +0300"
    },
    "done": true
  },
  "minecraft:recipes/building_blocks/blue_wool": {
    "criteria": {
      "has_white_wool": "2023-09-03 13:40:24 +0300"
    },
    "done": true
  },
  "minecraft:recipes/misc/magenta_dye_from_purple_and_pink": {
    "criteria": {
      "has_purple_dye": "2023-09-03 23:53:26 +0300"
    },
    "done": true
  },
  "sereneseasons:recipes/tools/season_clock": {
    "criteria": {
      "has_redstone": "2023-09-03 12:46:15 +0300"
    },
    "done": true
  },
  "minecraft:recipes/redstone/comparator": {
    "criteria": {
      "has_quartz": "2023-09-02 23:28:09 +0300"
    },
    "done": true
  },
  "minecraft:recipes/combat/diamond_chestplate": {
    "criteria": {
      "has_diamond": "2023-09-04 16:41:03 +0300"
    },
    "done": true
  },
  "biomesoplenty:recipes/redstone/trapdoor_from_bop_wood": {
    "criteria": {
      "has_the_recipe": "2023-09-02 20:29:54 +0300"
    },
    "done": true
  },
  "minecraft:story/mine_stone": {
    "criteria": {
      "get_stone": "2023-09-02 23:11:33 +0300"
    },
    "done": true
  },
  "minecraft:recipes/decorations/furnace": {
    "criteria": {
      "has_cobblestone": "2023-09-02 23:11:33 +0300"
    },
    "done": true
  },
  "minecraft:recipes/transportation/minecart": {
    "criteria": {
      "has_iron_ingot": "2023-09-03 12:45:58 +0300"
    },
    "done": true
  },
  "minecraft:recipes/decorations/armor_stand": {
    "criteria": {
      "has_stone_slab": "2023-09-04 16:33:15 +0300"
    },
    "done": true
  },
  "minecraft:recipes/combat/diamond_leggings": {
    "criteria": {
      "has_diamond": "2023-09-04 16:41:03 +0300"
    },
    "done": true
  },
  "minecraft:recipes/building_blocks/sandstone": {
    "criteria": {
      "has_sand": "2023-09-02 23:43:38 +0300"
    },
    "done": true
  },
  "minecraft:adventure/sleep_in_bed": {
    "criteria": {
      "slept_in_bed": "2023-09-03 14:04:14 +0300"
    },
    "done": true
  },
  "minecraft:recipes/building_blocks/spruce_planks": {
    "criteria": {
      "has_log": "2023-09-04 16:32:57 +0300"
    },
    "done": true
  },
  "minecraft:recipes/building_blocks/orange_wool": {
    "criteria": {
      "has_white_wool": "2023-09-03 13:40:24 +0300"
    },
    "done": true
  },
  "minecraft:recipes/tools/wooden_pickaxe": {
    "criteria": {
      "has_stick": "2023-09-02 20:29:54 +0300"
    },
    "done": true
  },
  "minecraft:recipes/tools/iron_hoe": {
    "criteria": {
      "has_iron_ingot": "2023-09-03 12:45:58 +0300"
    },
    "done": true
  },
  "minecraft:recipes/redstone/redstone_torch": {
    "criteria": {
      "has_redstone": "2023-09-03 12:46:15 +0300"
    },
    "done": true
  },
  "minecraft:husbandry/root": {
    "criteria": {
      "consumed_item": "2023-09-04 16:40:23 +0300"
    },
    "done": true
  },
  "minecraft:recipes/transportation/birch_boat": {
    "criteria": {
      "entered_water": "2023-09-02 20:34:15 +0300"
    },
    "done": true
  },
  "minecraft:recipes/building_blocks/oak_stairs": {
    "criteria": {
      "has_planks": "2023-09-02 20:29:54 +0300"
    },
    "done": true
  },
  "cfm:install": {
    "criteria": {
      "tick": "2023-09-02 22:46:32 +0300"
    },
    "done": true
  },
  "minecraft:recipes/building_blocks/green_concrete_powder": {
    "criteria": {
      "has_sand": "2023-09-02 23:43:38 +0300"
    },
    "done": true
  },
  "minecraft:recipes/decorations/enchanting_table": {
    "criteria": {
      "has_obsidian": "2023-09-04 17:41:31 +0300"
    },
    "done": true
  },
  "minecraft:recipes/misc/light_gray_dye_from_ink_bonemeal": {
    "criteria": {
      "has_black_dye": "2023-09-02 23:04:54 +0300"
    },
    "done": true
  },
  "minecraft:recipes/transportation/acacia_boat": {
    "criteria": {
      "entered_water": "2023-09-02 20:34:15 +0300"
    },
    "done": true
  },
  "minecraft:recipes/tools/iron_shovel": {
    "criteria": {
      "has_iron_ingot": "2023-09-03 12:45:58 +0300"
    },
    "done": true
  },
  "minecraft:recipes/redstone/iron_trapdoor": {
    "criteria": {
      "has_iron_ingot": "2023-09-03 12:45:58 +0300"
    },
    "done": true
  },
  "biomesoplenty:recipes/transportation/boat_redwood": {
    "criteria": {
      "entered_water": "2023-09-02 20:34:15 +0300"
    },
    "done": true
  },
  "minecraft:adventure/root": {
    "criteria": {
      "killed_something": "2023-09-02 20:32:07 +0300"
    },
    "done": true
  },
  "minecraft:recipes/decorations/black_bed": {
    "criteria": {
      "has_black_wool": "2023-09-03 23:21:45 +0300"
    },
    "done": true
  },
  "minecraft:recipes/building_blocks/white_concrete_powder": {
    "criteria": {
      "has_sand": "2023-09-02 23:43:38 +0300"
    },
    "done": true
  },
  "minecraft:recipes/decorations/item_frame": {
    "criteria": {
      "has_leather": "2023-09-02 23:45:31 +0300"
    },
    "done": true
  },
  "minecraft:recipes/decorations/jungle_fence": {
    "criteria": {
      "has_planks": "2023-09-03 00:23:37 +0300"
    },
    "done": true
  },
  "minecraft:recipes/tools/stone_hoe": {
    "criteria": {
      "has_cobblestone": "2023-09-02 23:11:33 +0300"
    },
    "done": true
  },
  "minecraft:recipes/tools/clock": {
    "criteria": {
      "has_redstone": "2023-09-03 12:46:15 +0300"
    },
    "done": true
  },
  "minecraft:recipes/tools/diamond_pickaxe": {
    "criteria": {
      "has_diamond": "2023-09-04 16:41:03 +0300"
    },
    "done": true
  },
  "minecraft:recipes/tools/diamond_hoe": {
    "criteria": {
      "has_diamond": "2023-09-04 16:41:03 +0300"
    },
    "done": true
  },
  "biomesoplenty:recipes/transportation/boat_umbran": {
    "criteria": {
      "entered_water": "2023-09-02 20:34:15 +0300"
    },
    "done": true
  },
  "minecraft:adventure/kill_all_mobs": {
    "criteria": {
      "zombie_villager": "2023-09-03 12:45:15 +0300",
      "skeleton": "2023-09-02 22:54:21 +0300",
      "husk": "2023-09-04 17:28:24 +0300",
      "zombie": "2023-09-02 23:41:28 +0300",
      "silverfish": "2023-09-04 16:46:40 +0300",
      "witch": "2023-09-03 12:42:54 +0300",
      "spider": "2023-09-02 22:53:06 +0300",
      "creeper": "2023-09-02 22:53:18 +0300",
      "enderman": "2023-09-03 12:50:37 +0300"
    },
    "done": false
  },
  "minecraft:recipes/building_blocks/dark_oak_stairs": {
    "criteria": {
      "has_planks": "2023-09-03 00:23:45 +0300"
    },
    "done": true
  },
  "minecraft:recipes/tools/diamond_shovel": {
    "criteria": {
      "has_diamond": "2023-09-04 16:41:03 +0300"
    },
    "done": true
  },
  "minecraft:recipes/redstone/redstone_block": {
    "criteria": {
      "has_at_least_9_redstone": "2023-09-03 13:31:07 +0300"
    },
    "done": true
  },
  "advancedrocketry:normal/root": {
    "criteria": {
      "crafting_table": "2023-09-02 23:11:44 +0300"
    },
    "done": true
  },
  "minecraft:recipes/decorations/white_carpet": {
    "criteria": {
      "has_white_wool": "2023-09-03 13:40:24 +0300"
    },
    "done": true
  },
  "biomesoplenty:recipes/redstone/wooden_button_from_bop_wood": {
    "criteria": {
      "has_the_recipe": "2023-09-02 20:29:54 +0300"
    },
    "done": true
  },
  "minecraft:recipes/redstone/dark_oak_fence_gate": {
    "criteria": {
      "has_planks": "2023-09-03 00:23:45 +0300"
    },
    "done": true
  },
  "twilightforest:alt/compat/tc_aspects": {
    "criteria": {
      "crystal_essence": "2023-09-04 15:06:52 +0300"
    },
    "done": true
  },
  "minecraft:recipes/building_blocks/red_sandstone_slab": {
    "criteria": {
      "has_red_sandstone": "2023-09-04 16:33:32 +0300"
    },
    "done": true
  },
  "minecraft:recipes/building_blocks/green_stained_hardened_clay": {
    "criteria": {
      "has_hardened_clay": "2023-09-04 16:35:55 +0300"
    },
    "done": true
  },
  "minecraft:recipes/building_blocks/gray_stained_hardened_clay": {
    "criteria": {
      "has_hardened_clay": "2023-09-04 16:35:55 +0300"
    },
    "done": true
  },
  "biomesoplenty:recipes/transportation/boat_magic": {
    "criteria": {
      "entered_water": "2023-09-02 20:34:15 +0300"
    },
    "done": true
  },
  "hbm:root": {
    "criteria": {
      "crafting_table": "2023-09-02 23:11:44 +0300"
    },
    "done": true
  },
  "minecraft:story/mine_diamond": {
    "criteria": {
      "diamond": "2023-09-04 16:41:03 +0300"
    },
    "done": true
  },
  "minecraft:story/upgrade_tools": {
    "criteria": {
      "stone_pickaxe": "2023-09-02 23:12:09 +0300"
    },
    "done": true
  },
  "simplyjetpacks:root": {
    "criteria": {
      "code_trigger": "2023-09-04 00:45:45 +0300"
    },
    "done": true
  },
  "minecraft:recipes/combat/diamond_helmet": {
    "criteria": {
      "has_diamond": "2023-09-04 16:41:03 +0300"
    },
    "done": true
  },
  "biomesoplenty:recipes/transportation/boat_palm": {
    "criteria": {
      "entered_water": "2023-09-02 20:34:15 +0300"
    },
    "done": true
  },
  "minecraft:recipes/building_blocks/orange_concrete_powder": {
    "criteria": {
      "has_sand": "2023-09-02 23:43:38 +0300"
    },
    "done": true
  },
  "sereneseasons:recipes/redstone/season_sensor": {
    "criteria": {
      "has_quartz": "2023-09-02 23:28:09 +0300"
    },
    "done": true
  },
  "minecraft:recipes/building_blocks/cyan_concrete_powder": {
    "criteria": {
      "has_sand": "2023-09-02 23:43:38 +0300"
    },
    "done": true
  },
  "minecraft:recipes/tools/wooden_axe": {
    "criteria": {
      "has_stick": "2023-09-02 20:29:54 +0300"
    },
    "done": true
  },
  "minecraft:recipes/building_blocks/lime_wool": {
    "criteria": {
      "has_white_wool": "2023-09-03 13:40:24 +0300"
    },
    "done": true
  },
  "minecraft:recipes/misc/cyan_dye": {
    "criteria": {
      "has_green_dye": "2023-09-03 23:53:30 +0300"
    },
    "done": true
  },
  "minecraft:recipes/misc/paper": {
    "criteria": {
      "has_reeds": "2023-09-02 23:45:10 +0300"
    },
    "done": true
  },
  "minecraft:recipes/misc/magenta_dye_from_lapis_ink_bonemeal": {
    "criteria": {
      "has_black_dye": "2023-09-02 23:04:54 +0300"
    },
    "done": true
  },
  "minecraft:recipes/building_blocks/black_wool": {
    "criteria": {
      "has_white_wool": "2023-09-03 13:40:24 +0300"
    },
    "done": true
  },
  "minecraft:recipes/building_blocks/green_wool": {
    "criteria": {
      "has_white_wool": "2023-09-03 13:40:24 +0300"
    },
    "done": true
  },
  "minecraft:recipes/building_blocks/yellow_stained_hardened_clay": {
    "criteria": {
      "has_hardened_clay": "2023-09-04 16:35:55 +0300"
    },
    "done": true
  },
  "minecraft:recipes/tools/diamond_axe": {
    "criteria": {
      "has_diamond": "2023-09-04 16:41:03 +0300"
    },
    "done": true
  },
  "minecraft:recipes/building_blocks/brown_wool": {
    "criteria": {
      "has_white_wool": "2023-09-03 13:40:24 +0300"
    },
    "done": true
  },
  "biomesoplenty:recipes/transportation/boat_fir": {
    "criteria": {
      "entered_water": "2023-09-02 20:34:15 +0300"
    },
    "done": true
  },
  "appliedenergistics2:main/network_tool": {
    "criteria": {
      "network_tool": "2023-09-03 23:22:14 +0300"
    },
    "done": true
  },
  "minecraft:recipes/building_blocks/iron_block": {
    "criteria": {
      "has_at_least_9_iron_ingot": "2023-09-03 13:47:30 +0300"
    },
    "done": true
  },
  "minecraft:recipes/decorations/painting": {
    "criteria": {
      "has_wool": "2023-09-03 13:40:24 +0300"
    },
    "done": true
  },
  "biomesoplenty:recipes/transportation/boat_sacred_oak": {
    "criteria": {
      "entered_water": "2023-09-02 20:34:15 +0300"
    },
    "done": true
  },
  "biomesoplenty:recipes/transportation/boat_pine": {
    "criteria": {
      "entered_water": "2023-09-02 20:34:15 +0300"
    },
    "done": true
  },
  "minecraft:recipes/redstone/wooden_pressure_plate": {
    "criteria": {
      "has_planks": "2023-09-02 20:29:54 +0300"
    },
    "done": true
  },
  "minecraft:recipes/combat/arrow": {
    "criteria": {
      "has_feather": "2023-09-02 23:45:24 +0300"
    },
    "done": true
  },
  "enderio:start/1_infinity_powder_get": {
    "criteria": {
      "inv_changed-enderio:item_material": "2023-09-03 13:33:05 +0300"
    },
    "done": true
  },
  "minecraft:recipes/decorations/black_carpet": {
    "criteria": {
      "has_black_wool": "2023-09-03 23:21:45 +0300"
    },
    "done": true
  },
  "minecraft:recipes/building_blocks/coal_block": {
    "criteria": {
      "has_at_least_9_coal": "2023-09-02 23:25:10 +0300"
    },
    "done": true
  },
  "minecraft:recipes/misc/yellow_dye_from_dandelion": {
    "criteria": {
      "has_yellow_flower": "2023-09-03 23:01:11 +0300"
    },
    "done": true
  },
  "biomesoplenty:recipes/buildingblocks/coarse_loamy_dirt": {
    "criteria": {
      "has_gravel": "2023-09-03 13:29:41 +0300"
    },
    "done": true
  },
  "biomesoplenty:recipes/redstone/wooden_pressure_plate_from_bop_wood": {
    "criteria": {
      "has_the_recipe": "2023-09-02 20:29:54 +0300"
    },
    "done": true
  },
  "minecraft:recipes/building_blocks/light_blue_wool": {
    "criteria": {
      "has_white_wool": "2023-09-03 13:40:24 +0300"
    },
    "done": true
  },
  "minecraft:recipes/redstone/wooden_button": {
    "criteria": {
      "has_planks": "2023-09-02 20:29:54 +0300"
    },
    "done": true
  },
  "minecraft:recipes/combat/wooden_sword": {
    "criteria": {
      "has_stick": "2023-09-02 20:29:54 +0300"
    },
    "done": true
  },
  "minecraft:recipes/tools/stone_shovel": {
    "criteria": {
      "has_cobblestone": "2023-09-02 23:11:33 +0300"
    },
    "done": true
  },
  "minecraft:recipes/building_blocks/oak_planks": {
    "criteria": {
      "has_log": "2023-09-02 23:41:39 +0300"
    },
    "done": true
  },
  "minecraft:recipes/building_blocks/blue_concrete_powder": {
    "criteria": {
      "has_sand": "2023-09-02 23:43:38 +0300"
    },
    "done": true
  },
  "biomesoplenty:recipes/transportation/boat_cherry": {
    "criteria": {
      "entered_water": "2023-09-02 20:34:15 +0300"
    },
    "done": true
  },
  "minecraft:recipes/building_blocks/gray_concrete_powder": {
    "criteria": {
      "has_sand": "2023-09-02 23:43:38 +0300"
    },
    "done": true
  },
  "minecraft:recipes/building_blocks/light_blue_stained_hardened_clay": {
    "criteria": {
      "has_hardened_clay": "2023-09-04 16:35:55 +0300"
    },
    "done": true
  },
  "minecraft:recipes/decorations/fence": {
    "criteria": {
      "has_planks": "2023-09-02 20:29:54 +0300"
    },
    "done": true
  },
  "appliedenergistics2:main/crafting_terminal": {
    "criteria": {
      "certus": "2023-09-03 23:31:17 +0300"
    },
    "done": true
  },
  "minecraft:recipes/tools/iron_axe": {
    "criteria": {
      "has_iron_ingot": "2023-09-03 12:45:58 +0300"
    },
    "done": true
  },
  "minecraft:recipes/building_blocks/cyan_stained_hardened_clay": {
    "criteria": {
      "has_hardened_clay": "2023-09-04 16:35:55 +0300"
    },
    "done": true
  },
  "minecraft:recipes/building_blocks/andesite": {
    "criteria": {
      "has_stone": "2023-09-02 23:43:44 +0300"
    },
    "done": true
  },
  "minecraft:recipes/building_blocks/jungle_planks": {
    "criteria": {
      "has_log": "2023-09-02 20:29:54 +0300"
    },
    "done": true
  },
  "minecraft:recipes/decorations/black_banner": {
    "criteria": {
      "has_black_wool": "2023-09-03 23:21:45 +0300"
    },
    "done": true
  },
  "minecraft:recipes/redstone/tripwire_hook": {
    "criteria": {
      "has_string": "2023-09-02 22:53:07 +0300"
    },
    "done": true
  },
  "minecraft:recipes/building_blocks/dark_oak_wooden_slab": {
    "criteria": {
      "has_planks": "2023-09-03 00:23:45 +0300"
    },
    "done": true
  },
  "minecraft:recipes/building_blocks/jungle_wooden_slab": {
    "criteria": {
      "has_planks": "2023-09-03 00:23:37 +0300"
    },
    "done": true
  },
  "minecraft:recipes/combat/iron_boots": {
    "criteria": {
      "has_iron_ingot": "2023-09-03 12:45:58 +0300"
    },
    "done": true
  },
  "minecraft:recipes/building_blocks/blue_stained_hardened_clay": {
    "criteria": {
      "has_hardened_clay": "2023-09-04 16:35:55 +0300"
    },
    "done": true
  },
  "minecraft:recipes/building_blocks/birch_planks": {
    "criteria": {
      "has_log": "2023-09-03 14:07:42 +0300"
    },
    "done": true
  },
  "biomesoplenty:biomesoplenty/root": {
    "criteria": {
      "yellow_flower": "2023-09-03 13:27:49 +0300",
      "red_flower": "2023-09-03 13:27:49 +0300"
    },
    "done": true
  },
  "reskillable:main/attack_5": {
    "criteria": {
      "level_up": "2023-09-02 23:00:15 +0300"
    },
    "done": true
  },
  "minecraft:recipes/misc/bone_meal_from_bone": {
    "criteria": {
      "has_bone": "2023-09-02 23:02:04 +0300"
    },
    "done": true
  },
  "minecraft:recipes/building_blocks/black_concrete_powder": {
    "criteria": {
      "has_sand": "2023-09-02 23:43:38 +0300"
    },
    "done": true
  },
  "simplyjetpacks:vanilla/root_vanilla": {
    "criteria": {
      "code_trigger": "2023-09-04 00:45:45 +0300"
    },
    "done": true
  },
  "minecraft:recipes/building_blocks/smooth_red_sandstone": {
    "criteria": {
      "has_red_sandstone": "2023-09-04 16:33:32 +0300"
    },
    "done": true
  },
  "biomesoplenty:recipes/transportation/boat_ebony": {
    "criteria": {
      "entered_water": "2023-09-02 20:34:15 +0300"
    },
    "done": true
  },
  "biomesoplenty:recipes/transportation/boat_hellbark": {
    "criteria": {
      "entered_water": "2023-09-02 20:34:15 +0300"
    },
    "done": true
  },
  "minecraft:story/root": {
    "criteria": {
      "crafting_table": "2023-09-02 23:11:44 +0300"
    },
    "done": true
  },
  "minecraft:recipes/combat/iron_chestplate": {
    "criteria": {
      "has_iron_ingot": "2023-09-03 12:45:58 +0300"
    },
    "done": true
  },
  "minecraft:recipes/redstone/dropper": {
    "criteria": {
      "has_redstone": "2023-09-03 12:46:15 +0300"
    },
    "done": true
  },
  "minecraft:recipes/building_blocks/yellow_wool": {
    "criteria": {
      "has_white_wool": "2023-09-03 13:40:24 +0300"
    },
    "done": true
  },
  "minecraft:recipes/misc/coal": {
    "criteria": {
      "has_the_recipe": "2023-09-02 23:25:10 +0300"
    },
    "done": true
  },
  "minecraft:story/form_obsidian": {
    "criteria": {
      "obsidian": "2023-09-04 17:41:31 +0300"
    },
    "done": true
  },
  "minecraft:recipes/redstone/noteblock": {
    "criteria": {
      "has_redstone": "2023-09-03 12:46:15 +0300"
    },
    "done": true
  },
  "minecraft:recipes/building_blocks/red_concrete_powder": {
    "criteria": {
      "has_sand": "2023-09-02 23:43:38 +0300"
    },
    "done": true
  },
  "minecraft:recipes/building_blocks/string_to_wool": {
    "criteria": {
      "has_string": "2023-09-02 22:53:07 +0300"
    },
    "done": true
  },
  "biomesoplenty:recipes/transportation/boat_mahogany": {
    "criteria": {
      "entered_water": "2023-09-02 20:34:15 +0300"
    },
    "done": true
  },
  "minecraft:recipes/combat/leather_chestplate": {
    "criteria": {
      "has_leather": "2023-09-02 23:45:31 +0300"
    },
    "done": true
  },
  "minecraft:recipes/tools/compass": {
    "criteria": {
      "has_redstone": "2023-09-03 12:46:15 +0300"
    },
    "done": true
  },
  "minecraft:adventure/kill_a_mob": {
    "criteria": {
      "spider": "2023-09-02 22:53:06 +0300"
    },
    "done": true
  },
  "flammpfeil.slashblade:root": {
    "criteria": {
      "useWoodenSword": "2023-09-02 20:33:33 +0300",
      "attackTheEntity": "2023-09-02 20:31:32 +0300"
    },
    "done": true
  },
  "biomesoplenty:recipes/buildingblocks/coarse_sandy_dirt": {
    "criteria": {
      "has_gravel": "2023-09-03 13:29:41 +0300"
    },
    "done": true
  },
  "appliedenergistics2:main/controller": {
    "criteria": {
      "certus": "2023-09-03 23:00:58 +0300"
    },
    "done": true
  },
  "simplyjetpacks:eio/jetpack_eio5": {
    "criteria": {
      "jetpack_eio5": "2023-09-04 00:56:14 +0300"
    },
    "done": true
  },
  "minecraft:recipes/building_blocks/quartz_block": {
    "criteria": {
      "has_quartz": "2023-09-02 23:28:09 +0300"
    },
    "done": true
  },
  "minecraft:recipes/building_blocks/polished_andesite": {
    "criteria": {
      "has_stone": "2023-09-02 23:38:24 +0300"
    },
    "done": true
  },
  "minecraft:recipes/misc/gray_dye": {
    "criteria": {
      "has_black_dye": "2023-09-02 23:04:54 +0300"
    },
    "done": true
  },
  "minecraft:adventure/adventuring_time": {
    "criteria": {
      "forest": "2023-09-02 20:28:52 +0300",
      "deep_ocean": "2023-09-03 13:18:27 +0300",
      "beaches": "2023-09-02 23:01:58 +0300",
      "desert_hills": "2023-09-04 17:25:24 +0300",
      "plains": "2023-09-02 20:30:06 +0300",
      "ocean": "2023-09-03 12:41:38 +0300",
      "river": "2023-09-02 23:04:55 +0300",
      "desert": "2023-09-04 17:25:21 +0300"
    },
    "done": false
  },
  "minecraft:recipes/redstone/iron_door": {
    "criteria": {
      "has_iron_ingot": "2023-09-03 12:45:58 +0300"
    },
    "done": true
  },
  "minecraft:recipes/building_blocks/pink_stained_hardened_clay": {
    "criteria": {
      "has_hardened_clay": "2023-09-04 16:35:55 +0300"
    },
    "done": true
  },
  "simplyjetpacks:te/root_te": {
    "criteria": {
      "code_trigger": "2023-09-04 00:45:45 +0300"
    },
    "done": true
  },
  "minecraft:recipes/combat/stone_sword": {
    "criteria": {
      "has_cobblestone": "2023-09-02 23:11:33 +0300"
    },
    "done": true
  },
  "biomesoplenty:recipes/transportation/boat_willow": {
    "criteria": {
      "entered_water": "2023-09-02 20:34:15 +0300"
    },
    "done": true
  },
  "minecraft:recipes/decorations/cobblestone_wall": {
    "criteria": {
      "has_cobblestone": "2023-09-02 23:11:33 +0300"
    },
    "done": true
  },
  "minecraft:recipes/brewing/fermented_spider_eye": {
    "criteria": {
      "has_spider_eye": "2023-09-02 22:53:07 +0300"
    },
    "done": true
  },
  "minecraft:recipes/tools/stone_pickaxe": {
    "criteria": {
      "has_cobblestone": "2023-09-02 23:11:33 +0300"
    },
    "done": true
  },
  "minecraft:recipes/building_blocks/orange_stained_hardened_clay": {
    "criteria": {
      "has_hardened_clay": "2023-09-04 16:35:55 +0300"
    },
    "done": true
  },
  "minecraft:recipes/transportation/boat": {
    "criteria": {
      "entered_water": "2023-09-02 20:34:15 +0300"
    },
    "done": true
  },
  "minecraft:recipes/combat/leather_boots": {
    "criteria": {
      "has_leather": "2023-09-02 23:45:31 +0300"
    },
    "done": true
  },
  "minecraft:recipes/transportation/jungle_boat": {
    "criteria": {
      "entered_water": "2023-09-02 20:34:15 +0300"
    },
    "done": true
  },
  "appliedenergistics2:main/root": {
    "criteria": {
      "certus": "2023-09-02 23:29:55 +0300"
    },
    "done": true
  },
  "minecraft:recipes/building_blocks/magenta_stained_hardened_clay": {
    "criteria": {
      "has_hardened_clay": "2023-09-04 16:35:55 +0300"
    },
    "done": true
  },
  "reskillable:main/root": {
    "criteria": {
      "level_up": "2023-09-02 23:00:14 +0300"
    },
    "done": true
  },
  "minecraft:recipes/building_blocks/brown_stained_hardened_clay": {
    "criteria": {
      "has_hardened_clay": "2023-09-04 16:35:55 +0300"
    },
    "done": true
  },
  "minecraft:recipes/building_blocks/jungle_stairs": {
    "criteria": {
      "has_planks": "2023-09-03 00:23:37 +0300"
    },
    "done": true
  },
  "minecraft:recipes/redstone/heavy_weighted_pressure_plate": {
    "criteria": {
      "has_iron_ingot": "2023-09-03 12:45:58 +0300"
    },
    "done": true
  },
  "minecraft:recipes/building_blocks/diamond_block": {
    "criteria": {
      "has_at_least_9_diamond": "2023-09-04 16:41:03 +0300"
    },
    "done": true
  },
  "minecraft:recipes/transportation/dark_oak_boat": {
    "criteria": {
      "entered_water": "2023-09-02 20:34:15 +0300"
    },
    "done": true
  },
  "minecraft:recipes/redstone/daylight_detector": {
    "criteria": {
      "has_quartz": "2023-09-02 23:28:09 +0300"
    },
    "done": true
  },
  "minecraft:recipes/transportation/carrot_on_a_stick": {
    "criteria": {
      "has_carrot": "2023-09-04 00:37:52 +0300"
    },
    "done": true
  },
  "biomesoplenty:recipes/transportation/boat_jacaranda": {
    "criteria": {
      "entered_water": "2023-09-02 20:34:15 +0300"
    },
    "done": true
  },
  "minecraft:recipes/building_blocks/pink_wool": {
    "criteria": {
      "has_white_wool": "2023-09-03 13:40:24 +0300"
    },
    "done": true
  },
  "minecraft:recipes/redstone/jungle_door": {
    "criteria": {
      "has_planks": "2023-09-03 00:23:37 +0300"
    },
    "done": true
  },
  "minecraft:recipes/building_blocks/polished_granite": {
    "criteria": {
      "has_stone": "2023-09-02 23:28:17 +0300"
    },
    "done": true
  },
  "minecraft:recipes/redstone/jungle_fence_gate": {
    "criteria": {
      "has_planks": "2023-09-03 00:23:37 +0300"
    },
    "done": true
  },
  "minecraft:recipes/redstone/piston": {
    "criteria": {
      "has_redstone": "2023-09-03 12:46:15 +0300"
    },
    "done": true
  },
  "enderio:root": {
    "criteria": {
      "location": "2023-09-03 13:29:40 +0300"
    },
    "done": true
  },
  "simplyjetpacks:mek/root_mek": {
    "criteria": {
      "code_trigger": "2023-09-04 00:45:45 +0300"
    },
    "done": true
  },
  "minecraft:recipes/building_blocks/stone_stairs": {
    "criteria": {
      "has_cobblestone": "2023-09-02 23:11:33 +0300"
    },
    "done": true
  },
  "cfm:root": {
    "criteria": {
      "tick": "2023-09-02 22:46:32 +0300"
    },
    "done": true
  },
  "minecraft:recipes/building_blocks/chiseled_red_sandstone": {
    "criteria": {
      "has_red_sandstone": "2023-09-04 16:33:32 +0300"
    },
    "done": true
  },
  "minecraft:recipes/building_blocks/light_gray_stained_hardened_clay": {
    "criteria": {
      "has_hardened_clay": "2023-09-04 16:35:55 +0300"
    },
    "done": true
  },
  "minecraft:recipes/misc/diamond": {
    "criteria": {
      "has_the_recipe": "2023-09-04 16:41:03 +0300"
    },
    "done": true
  },
  "minecraft:recipes/decorations/dark_oak_fence": {
    "criteria": {
      "has_planks": "2023-09-03 00:23:45 +0300"
    },
    "done": true
  },
  "minecraft:recipes/combat/diamond_boots": {
    "criteria": {
      "has_diamond": "2023-09-04 16:41:03 +0300"
    },
    "done": true
  },
  "minecraft:recipes/building_blocks/polished_diorite": {
    "criteria": {
      "has_stone": "2023-09-02 23:43:44 +0300"
    },
    "done": true
  },
  "minecraft:recipes/building_blocks/light_gray_wool": {
    "criteria": {
      "has_white_wool": "2023-09-03 13:40:24 +0300"
    },
    "done": true
  },
  "minecraft:recipes/building_blocks/purple_stained_hardened_clay": {
    "criteria": {
      "has_hardened_clay": "2023-09-04 16:35:55 +0300"
    },
    "done": true
  },
  "minecraft:recipes/misc/light_gray_dye_from_oxeye_daisy": {
    "criteria": {
      "has_red_flower": "2023-09-03 13:27:49 +0300"
    },
    "done": true
  },
  "minecraft:recipes/building_blocks/red_wool": {
    "criteria": {
      "has_white_wool": "2023-09-03 13:40:24 +0300"
    },
    "done": true
  },
  "minecraft:story/smelt_iron": {
    "criteria": {
      "iron": "2023-09-03 12:45:58 +0300"
    },
    "done": true
  },
  "simplyjetpacks:eio/root_eio": {
    "criteria": {
      "code_trigger": "2023-09-04 00:45:45 +0300"
    },
    "done": true
  },
  "minecraft:recipes/tools/stone_axe": {
    "criteria": {
      "has_cobblestone": "2023-09-02 23:11:33 +0300"
    },
    "done": true
  },
  "appliedenergistics2:main/storage_cell": {
    "criteria": {
      "c64k": "2023-09-03 23:27:46 +0300"
    },
    "done": true
  },
  "appliedenergistics2:main/network1": {
    "criteria": {
      "cable": "2023-09-04 00:11:15 +0300"
    },
    "done": true
  },
  "minecraft:recipes/redstone/wooden_door": {
    "criteria": {
      "has_planks": "2023-09-02 20:29:54 +0300"
    },
    "done": true
  }
}