{"stat.pickup.minecraft.wooden_slab":3,"stat.leaveGame":9,"stat.drop.minecraft.redstone":1,"stat.drop.appliedenergistics2.storage_cell_64k":30,"stat.mineBlock.minecraft.sandstone":1,"stat.drop.minecraft.enchanted_book":1,"stat.pickup.hbm.fragment_niobium":3,"stat.useItem.hbm.wand_k":8,"stat.mineBlock.minecraft.red_sandstone":64,"stat.pickup.minecraft.rotten_flesh":381,"stat.killEntity.Enderman":22,"stat.mineBlock.minecraft.wooden_slab":5,"stat.pickup.flammpfeil.slashblade.slashbladenamed":1,"stat.pickup.minecraft.leather_boots":1,"stat.useItem.tcomplement.chisel":38,"stat.killEntity.Witch":16,"stat.drop.minecraft.sand":1,"stat.killEntity.Villager":11,"stat.pickup.xlfoodmod.strawberry_seeds":2,"stat.useItem.enderio.block_holy_fused_glass":2,"stat.pickup.minecraft.stained_hardened_clay":1216,"stat.pickup.minecraft.double_plant":1,"stat.pickup.appliedenergistics2.sky_stone_block":513,"stat.furnaceInteraction":2,"stat.craftItem.simplyjetpacks.itemjetpack":1,"stat.pickup.byg.whitesage":1,"stat.killEntity.ZombieVillager":23,"stat.mineBlock.hbm.block_meteor":1,"stat.useItem.enderutilities.dolly":17,"stat.useItem.flammpfeil.slashblade.slashbladenamed":111,"stat.pickup.minecraft.beef":21,"stat.mineBlock.minecraft.stained_hardened_clay":1216,"stat.mineBlock.thermalexpansion.dynamo":3,"stat.drop.hbm.weapon_pipe_lead":1,"stat.pickup.minecraft.potion":1,"stat.useItem.minecraft.flint_and_steel":1,"stat.mineBlock.minecraft.fence":54,"stat.pickup.thaumcraft.crystal_essence":2,"stat.pickup.xlfoodmod.salt":11,"stat.killEntity.Husk":2,"stat.mineBlock.enderstorage.ender_storage":2,"stat.pickup.minecraft.lever":2,"stat.deaths":23,"stat.pickup.minecraft.egg":9,"stat.drop.minecraft.glass_bottle":4,"stat.mineBlock.minecraft.tallgrass":247,"stat.mineBlock.thermalexpansion.machine":2,"stat.chestOpened":55,"stat.useItem.minecraft.stone":16,"stat.pickup.hbm.ore_thorium":5,"stat.pickup.minecraft.arrow":433,"stat.pickup.minecraft.iron_sword":1,"stat.useItem.enderutilities.endertool":40,"stat.pickup.minecraft.carrot":4,"stat.crouchOneCm":59020,"stat.mineBlock.projecte.dm_pedestal":1,"stat.mineBlock.minecraft.chest":5,"stat.craftItem.minecraft.iron_ingot":254,"stat.mineBlock.minecraft.hardened_clay":64,"stat.craftingTableInteraction":10,"stat.useItem.chisel.andesite1":25,"stat.pickup.minecraft.dye":1,"stat.pickup.minecraft.planks":216,"stat.pickup.minecraft.wheat_seeds":23,"stat.pickup.enderio.item_material":1,"stat.pickup.byg.angelica":1,"stat.pickup.chisel.andesite":5,"stat.mineBlock.xlfoodmod.grass":3,"stat.mineBlock.minecraft.dirt":680,"stat.pickup.quarryplus.enchantmover":1,"stat.useItem.enderio.block_solar_panel":64,"stat.pickup.hbm.sulfur":38,"stat.drop.minecraft.rotten_flesh":30,"stat.useItem.minecraft.cobblestone":12,"stat.mineBlock.draconicevolution.draconium_ore":13,"stat.pickup.appliedenergistics2.energy_acceptor":1,"stat.mineBlock.minecraft.double_plant":18,"stat.pickup.mob_grinding_utils.xp_tap":1,"stat.pickup.hbm.block_meteor":1,"stat.drop.minecraft.chicken":5,"stat.drop.minecraft.carrot":2,"stat.pickup.minecraft.chicken":24,"stat.pickup.hbm.ore_copper":25,"stat.pickup.hbm.ore_uranium":2,"stat.pickup.hbm.weapon_pipe_lead":1,"stat.craftItem.enderutilities.enderpart":8,"stat.mineBlock.enderio.block_holy_dark_fused_glass":9,"stat.drop.minecraft.fish":2,"stat.useItem.bloodmagic.bound_pickaxe":26882,"stat.craftItem.minecraft.planks":304,"stat.useItem.advancedcombat.advanced_diamond_sword":716,"stat.mineBlock.hbm.ore_lead":63,"stat.mineBlock.minecraft.log":538,"stat.killEntity.BabySkeleton":35,"stat.pickup.minecraft.red_flower":2,"stat.pickup.minecraft.wool":3,"stat.mineBlock.hbm.block_meteor_broken":13,"stat.pickup.appliedenergistics2.part":20,"stat.mineBlock.thaumcraft.ore_cinnabar":11,"stat.useItem.thermalexpansion.reservoir":251,"stat.mineBlock.minecraft.cobblestone":34,"stat.pickup.hbm.starmetal_plate":1,"stat.pickup.minecraft.flint":131,"stat.mineBlock.minecraft.yellow_flower":1,"stat.mineBlock.hbm.block_meteor_molten":1,"stat.mineBlock.appliedenergistics2.quartz_ore":14,"stat.pickup.minecraft.enchanted_book":31,"stat.mineBlock.thaumcraft.ore_amber":6,"stat.useItem.thermaldynamics.duct_16":4,"stat.pickup.mekanismtools.steelleggings":2,"stat.useItem.minecraft.obsidian":2,"stat.useItem.minecraft.stone_slab2":234,"stat.pickup.minecraft.bow":24,"stat.craftItem.ae2wtlib.wut":3,"stat.pickup.thermalfoundation.ore":110,"stat.useItem.mob_grinding_utils.fan":5,"stat.drop.cgm.assault_rifle":1,"stat.mineBlock.minecraft.obsidian":3,"stat.mineBlock.hbm.ore_asbestos":4,"stat.flyOneCm":3673306,"stat.pickup.taiga.jauxum_ore":5,"stat.pickup.minecraft.sandstone":4,"stat.pickup.minecraft.fish":2,"stat.pickup.appliedenergistics2.storage_cell_64k":81,"stat.timeSinceDeath":128695,"stat.mineBlock.fluxnetworks.fluxpoint":1,"stat.drop.minecraft.spider_eye":1,"stat.pickup.thermalexpansion.dynamo":3,"stat.pickup.byg.delphinium":1,"stat.pickup.xlfoodmod.cucumber_seeds":1,"stat.drop.minecraft.flint_and_steel":1,"stat.killEntity.Wolf":8,"stat.pickup.thermaldynamics.duct_0":2,"stat.pickup.hbm.weapon_pipe_rusty":4,"stat.mineBlock.minecraft.coal_ore":624,"stat.killEntity.Creeper":101,"stat.talkedToVillager":4,"stat.pickup.minecraft.string":176,"stat.pickup.cgm.advanced_ammo":47,"stat.ae2.ItemsInserted":43048,"stat.pickup.ae2wtlib.infinity_booster_card":1,"stat.mineBlock.libvulpes.ore0":119,"stat.entityKilledBy.Skeleton":1,"stat.killEntity.Squid":5,"stat.sprintOneCm":555463,"stat.mineBlock.minecraft.stone_slab":2,"stat.mineBlock.byg.tamreliteore":12,"stat.useItem.extrautils2.ingredients":1,"stat.useItem.enderstorage.ender_storage":7,"stat.mineBlock.minecraft.diamond_ore":36,"stat.waystones:waystonesActivated":1,"stat.pickup.hbm.mask_of_infamy":1,"stat.killEntity.Zombie":284,"stat.mineBlock.xlfoodmod.rock_salt":14,"stat.mineBlock.minecraft.gold_ore":38,"stat.diveOneCm":118616,"stat.mineBlock.minecraft.mossy_cobblestone":9,"stat.useItem.enderio.block_holy_dark_fused_glass":23,"stat.useItem.enderio.item_endergy_conduit":69,"stat.drop.minecraft.ladder":1,"stat.mineBlock.enderio.block_powered_spawner":1,"stat.mineBlock.hbm.ore_coal_oil":4,"stat.pickup.minecraft.obsidian":3,"stat.useItem.minecraft.rotten_flesh":8,"stat.pickup.xlfoodmod.onion":2,"stat.mineBlock.appliedenergistics2.energy_acceptor":1,"stat.jump":5020,"stat.pickup.minecraft.coal":488,"stat.pickup.minecraft.iron_ingot":48,"stat.mineBlock.mekanism.boundingblock":1,"stat.pickup.minecraft.gunpowder":142,"stat.craftItem.minecraft.torch":4,"stat.pickup.minecraft.dirt":162,"stat.craftItem.comforts.sleeping_bag":2,"stat.pickup.minecraft.gold_ore":6,"stat.mineBlock.minecraft.lapis_ore":9,"stat.mineBlock.hbm.ore_lignite":131,"stat.pickup.minecraft.red_sandstone":64,"stat.mineBlock.minecraft.glass_pane":1,"stat.damageTaken":48549,"stat.pickup.enderio.block_holy_dark_fused_glass":8,"stat.mineBlock.minecraft.torch":24,"stat.mineBlock.minecraft.red_flower":3,"stat.pickup.minecraft.bed":3,"stat.pickup.minecraft.potato":3,"stat.entityKilledBy.Zombie":2,"stat.drop.thaumcraft.brain":269,"stat.useItem.thermalexpansion.augment":8,"stat.killEntity.Silverfish":19,"stat.useItem.minecraft.chest":5,"stat.mineBlock.hbm.ore_beryllium":16,"stat.craftItem.mekanism.ingot":36,"stat.pickup.mob_grinding_utils.tank":9,"stat.pickup.minecraft.ender_pearl":12,"stat.drop.minecraft.egg":2,"stat.pickup.minecraft.ladder":2,"stat.pickup.byg.whitesand":3,"stat.pickup.hbm.fragment_lanthanium":6,"stat.useItem.tanaddons.thirst_quencher":21,"stat.pickup.adfinders.metals_finder":1,"stat.mineBlock.byg.soapstone":1873,"stat.mobKills":981,"stat.mineBlock.taiga.dilithium_ore":10,"stat.useItem.mob_grinding_utils.tank":17,"stat.useItem.appliedenergistics2.drive":41,"stat.pickup.minecraft.diamond":12,"stat.pickup.minecraft.torch":35,"stat.useItem.thermaldynamics.servo":1,"stat.mineBlock.hbm.ore_copper":88,"stat.pickup.thaumcraft.brain":88,"stat.drop.minecraft.arrow":22,"stat.drop.minecraft.mutton":3,"stat.mineBlock.thaumcraft.ore_quartz":6,"stat.pickup.quarryplus.solidquarry":1,"stat.drop.minecraft.skull":3,"stat.pickup.appliedenergistics2.drive":45,"stat.pickup.hbm.ore_aluminium":5,"stat.pickup.minecraft.porkchop":13,"stat.pickup.hbm.fragment_boron":7,"stat.useItem.thermalfoundation.upgrade":1,"stat.pickup.hbm.niter":11,"stat.pickup.minecraft.sand":103,"stat.pickup.minecraft.hardened_clay":64,"stat.mineBlock.hbm.ore_niter":49,"stat.drop.appliedenergistics2.part":1,"stat.pickup.thermalfoundation.coin":6,"stat.mineBlock.minecraft.sand":83,"stat.mineBlock.byg.scoria":5320,"stat.mineBlock.hbm.ore_uranium":24,"stat.pickup.hbm.gas_mask_m65":15,"stat.hopperInspected":1,"stat.pickup.mekanismgenerators.generator":4,"stat.pickup.mob_grinding_utils.fan_upgrade":32,"stat.mineBlock.chisel.andesite1":1,"stat.mineBlock.quarryplus.enchantmover":1,"stat.pickup.xlfoodmod.lettuce_seeds":2,"stat.mineBlock.taiga.karmesine_ore":2,"stat.craftItem.thermalfoundation.material":620,"stat.pickup.chisel.andesite1":1,"stat.useItem.thermaldynamics.duct_0":8,"stat.pickup.xlfoodmod.vanilla_flower":1,"stat.pickup.minecraft.skull":41,"stat.drop.flammpfeil.slashblade.slashbladenamed":3,"stat.pickup.fluxnetworks.fluxpoint":1,"stat.killEntity.Horse":4,"stat.mineBlock.mob_grinding_utils.xp_tap":1,"stat.craftItem.toughasnails.canteen":1,"stat.pickup.hbm.heart_piece":3,"stat.pickup.hbm.ingot_polymer":1,"stat.useItem.fluxnetworks.fluxconfigurator":71,"stat.entityKilledBy.BrainyZombie":1,"stat.mineBlock.appliedenergistics2.dense_energy_cell":65,"stat.pickup.enderutilities.machine_0":1,"stat.mineBlock.minecraft.oak_stairs":4,"stat.mineBlock.hbm.ore_fluorite":12,"stat.pickup.xlfoodmod.pepper_seeds":2,"stat.playOneMinute":738942,"stat.pickup.hbm.syringe_poison":1,"stat.pickup.hbm.reer_graar":1,"stat.mineBlock.hbm.ore_cinnebar":6,"stat.pickup.hbm.lignite":129,"stat.drop.minecraft.chest":1,"stat.pickup.libvulpes.ore0":62,"stat.pickup.hbm.fluorite":2,"stat.drop.bloodmagic.bound_pickaxe":1,"stat.mineBlock.appliedenergistics2.cable_bus":18,"stat.drop.advancedcombat.advanced_diamond_sword":1,"stat.mineBlock.appliedenergistics2.sky_stone_block":770,"stat.drop.thaumcraft.amber":1,"stat.drop.xlfoodmod.salt":1,"stat.fallOneCm":509252,"stat.mineBlock.quarryplus.solidquarry":1,"stat.drop.minecraft.stone":49,"stat.craftItem.minecraft.chest":8,"stat.mineBlock.minecraft.lever":1,"stat.drop.appliedenergistics2.drive":1,"stat.useItem.enderutilities.builderswand":1,"stat.pickup.minecraft.feather":11,"stat.drop.minecraft.bone":15,"stat.craftItem.hbm.ingot_titanium":22,"stat.useItem.enderutilities.handybag":1,"stat.pickup.fluxnetworks.gargantuanfluxstorage":1,"stat.mineBlock.minecraft.gravel":155,"stat.useItem.minecraft.stone_pickaxe":159,"stat.pickup.waystones.waystone":1,"stat.pickup.mob_grinding_utils.fan":2,"stat.drop.minecraft.stick":2,"stat.mineBlock.hbm.ore_meteor_sulfur":1,"stat.mineBlock.enderio.block_solar_panel":1,"stat.useItem.minecraft.torch":16,"stat.pickup.minecraft.crafting_table":1,"stat.craftItem.minecraft.crafting_table":1,"stat.mineBlock.enderutilities.machine_0":1,"stat.pickup.hbm.fragment_neodymium":4,"stat.pickup.minecraft.log":469,"stat.craftItem.libvulpes.productdust":48,"stat.pickup.minecraft.sapling":1,"stat.mineBlock.chisel.andesite":11,"stat.mineBlock.taiga.jauxum_ore":6,"stat.mineBlock.bigreactors.oreyellorite":3,"stat.pickup.hbm.fragment_cerium":4,"stat.drop.cgm.workbench":1,"stat.sneakTime":24074,"stat.pickup.thaumcraft.amber":16,"stat.pickup.minecraft.stone_slab":4,"stat.pickup.minecraft.yellow_flower":2,"stat.pickup.hbm.ore_titanium":13,"stat.mineBlock.mob_grinding_utils.tank":18,"stat.pickup.minecraft.chest":4,"stat.pickup.minecraft.bone":415,"stat.useItem.appliedenergistics2.controller":260,"stat.useItem.appliedenergistics2.dense_energy_cell":191,"stat.drop.xlfoodmod.vanilla_flower":1,"stat.swimOneCm":80945,"stat.climbOneCm":1818,"stat.pickup.enderio.block_powered_spawner":1,"stat.pickup.thermalexpansion.machine":2,"stat.ae2.ItemsExtracted":1956,"stat.useItem.minecraft.dirt":94,"stat.pickup.appliedenergistics2.dense_energy_cell":65,"stat.drop.hbm.weapon_pipe_rusty":1,"stat.useItem.chisel.andesite":517,"stat.pickup.appliedenergistics2.controller":185,"stat.craftItem.minecraft.stone_pickaxe":1,"stat.pickup.taiga.karmesine_ore":4,"stat.pickup.everlastingabilities.ability_totem":19,"stat.pickup.minecraft.cobblestone":1971,"stat.pickup.minecraft.glass_bottle":6,"stat.mineBlock.hbm.ore_thorium":30,"stat.pickup.appliedenergistics2.material":46,"stat.pickup.minecraft.cactus":4,"stat.mineBlock.hbm.ore_sulfur":35,"stat.pickup.hbm.ore_tungsten":33,"stat.pickup.minecraft.redstone":3,"stat.mineBlock.minecraft.iron_ore":255,"stat.mineBlock.hbm.ore_titanium":59,"stat.pickup.hbm.cinnebar":2,"stat.pickup.minecraft.mutton":15,"stat.mineBlock.xlfoodmod.vanilla_flower":2,"stat.pickup.hbm.fragment_cobalt":4,"stat.pickup.minecraft.mossy_cobblestone":7,"stat.mineBlock.mekanismgenerators.generator":3,"stat.useItem.minecraft.lever":3,"stat.mineBlock.thermalfoundation.ore":236,"stat.pickup.byg.rose":1,"stat.pickup.tanaddons.thirst_quencher":1,"stat.pickup.hbm.ore_oil":90,"stat.mineBlock.byg.rose":2,"stat.craftItem.minecraft.stone_slab2":0,"stat.pickup.hbm.geiger_counter":2,"stat.mineBlock.mekanism.oreblock":307,"stat.pickup.enderio.block_solar_panel":1,"stat.pickup.minecraft.grass":3,"stat.mineBlock.minecraft.crafting_table":1,"stat.mineBlock.bloodmagic.blood_tank":1,"stat.useItem.extrautils2.itembuilderswand":136,"stat.mineBlock.minecraft.planks":217,"stat.drop":97,"stat.pickup.byg.cracked_sand":9,"stat.killEntity.Sheep":10,"stat.useItem.fluxnetworks.gargantuanfluxstorage":64,"stat.mineBlock.byg.cracked_sand":9,"stat.mineBlock.hbm.block_meteor_treasure":1,"stat.killEntity.BrainyZombie":19,"stat.useItem.thermalfoundation.wrench":1,"stat.drop.minecraft.wooden_pickaxe":1,"stat.pickup.minecraft.gravel":1,"stat.pickup.thaumcraft.curio":1,"stat.mineBlock.hbm.ore_rare":42,"stat.mineBlock.appliedenergistics2.drive":44,"stat.pickup.ae2wtlib.wut":1,"stat.pickup.everlastingabilities.ability_bottle":1,"stat.pickup.byg.soapstone":7,"stat.pickup.minecraft.fence":51,"stat.pickup.hbm.crystal_aluminium":3,"stat.pickup.enderio.item_endergy_conduit":6,"stat.pickup.minecraft.spider_eye":92,"stat.pickup.byg.scoria":380,"stat.mineBlock.hbm.ore_aluminium":30,"stat.pickup.minecraft.iron_ore":36,"stat.craftItem.minecraft.flint_and_steel":1,"stat.pickup.xlfoodmod.tomato_seeds":1,"stat.mineBlock.minecraft.leaves2":1,"stat.pickup.minecraft.leather":12,"stat.mineBlock.hbm.ore_cobalt":11,"stat.pickup.hbm.ore_lead":14,"stat.useItem.minecraft.wooden_pickaxe":27,"stat.pickup.minecraft.reeds":18,"stat.pickup.advancedcombat.advanced_diamond_sword":1,"stat.pickup.minecraft.oak_stairs":3,"stat.mineBlock.taiga.ovium_ore":1,"stat.damageDealt":164110,"stat.sleepInBed":11,"stat.mineBlock.fluxnetworks.gargantuanfluxstorage":1,"stat.killEntity.Cow":7,"stat.killEntity.Pig":6,"stat.walkOneCm":979733,"stat.playerKills":12,"stat.pickup.minecraft.stick":4,"stat.pickup.mekanism.oreblock":79,"stat.pickup.hbm.fragment_meteorite":9,"stat.useItem.appliedenergistics2.network_tool":19,"stat.pickup.cgm.rifle":1,"stat.mineBlock.thermaldynamics.duct_0":3,"stat.mineBlock.appliedenergistics2.controller":184,"stat.mineBlock.byg.whitesand":3,"stat.pickup.minecraft.stone":870,"stat.pickup.projecte.fuel_block":13,"stat.mineBlock.minecraft.wool":40,"stat.mineBlock.thermalfoundation.ore_fluid":38,"stat.pickup.taiga.ovium_ore":2,"stat.pickup.bloodmagic.bound_pickaxe":1,"stat.killEntity.Skeleton":216,"stat.mineBlock.hbm.gas_coal":23,"stat.pickup.thaumcraft.ore_cinnabar":2,"stat.killEntity.Chicken":29,"stat.useItem.byg.cracked_sand":3,"stat.pickup.hbm.crowbar":1,"stat.drop.everlastingabilities.ability_totem":1,"stat.killEntity.Spider":144,"stat.drop.hbm.gas_mask_m65":1,"stat.useItem.thaumcraft.curio":1,"stat.pickup.minecraft.quartz":9,"stat.mineBlock.hbm.block_meteor_cobble":9,"stat.mineBlock.mob_grinding_utils.fan":2,"stat.mineBlock.minecraft.leaves":7,"stat.useItem.appliedenergistics2.part":34,"stat.mineBlock.minecraft.redstone_ore":175,"stat.mineBlock.hbm.ore_tungsten":131,"stat.mineBlock.minecraft.stone":11847}