{"stat.pickup.minecraft.bone":15,"stat.pickup.draconicevolution.draconium_dust":11,"stat.leaveGame":2,"stat.mineBlock.minecraft.cobblestone":1,"stat.pickup.extrautils2.redorchid":1,"stat.pickup.minecraft.flint":7,"stat.mineBlock.minecraft.yellow_flower":2,"stat.entityKilledBy.Witch":1,"stat.useItem.foodfunk.rotten_food":10,"stat.swimOneCm":79782,"stat.climbOneCm":1115,"stat.pickup.minecraft.enchanted_book":3,"stat.mineBlock.thaumcraft.ore_amber":2,"stat.pickup.hbm.fragment_boron":6,"stat.pickup.hbm.fragment_niobium":6,"stat.useItem.minecraft.dirt":26,"stat.useItem.minecraft.stone_slab2":22,"stat.pickup.minecraft.bow":1,"stat.pickup.minecraft.rotten_flesh":44,"stat.pickup.hbm.crystal_titanium":5,"stat.pickup.minecraft.sand":129,"stat.craftItem.minecraft.furnace":3,"stat.pickup.thaumcraft.crimson_robe_helm":1,"stat.pickup.thermalfoundation.ore":13,"stat.pickup.everlastingabilities.ability_totem":3,"stat.pickup.minecraft.cobblestone":274,"stat.mineBlock.hbm.ore_niter":2,"stat.pickup.flammpfeil.slashblade.slashbladenamed":1,"stat.pickup.byg.salal_berry":2,"stat.flyOneCm":334694,"stat.mineBlock.hbm.ore_thorium":2,"stat.mineBlock.byg.scoria":654,"stat.mineBlock.hbm.ore_uranium":7,"stat.mineBlock.minecraft.sand":129,"stat.killEntity.Witch":1,"stat.drop.minecraft.wheat_seeds":1,"stat.pickup.hbm.gas_mask_m65":3,"stat.pickup.hbm.ore_tungsten":19,"stat.pickup.minecraft.redstone":43,"stat.mineBlock.minecraft.iron_ore":19,"stat.timeSinceDeath":0,"stat.mineBlock.hbm.ore_titanium":4,"stat.pickup.hbm.fragment_cobalt":31,"stat.pickup.mekanismgenerators.generator":2,"stat.mineBlock.mekanismgenerators.generator":2,"stat.craftItem.hbm.ingot_tungsten":25,"stat.pickup.byg.delphinium":2,"stat.pickup.cgm.basic_ammo":416,"stat.mineBlock.thermalfoundation.ore":13,"stat.furnaceInteraction":14,"stat.pickup.hbm.weapon_pipe_rusty":1,"stat.killEntity.ZombieVillager":1,"stat.pickup.xlfoodmod.lettuce_seeds":1,"stat.drop.waystones.waystone":1,"stat.mineBlock.minecraft.coal_ore":39,"stat.killEntity.Creeper":2,"stat.pickup.extrautils2.ingredients":2,"stat.craftItem.thermalfoundation.material":13,"stat.pickup.minecraft.string":11,"stat.pickup.cgm.advanced_ammo":32,"stat.useItem.flammpfeil.slashblade.slashbladenamed":4,"stat.pickup.xlfoodmod.corn_seeds":1,"stat.mineBlock.libvulpes.ore0":1,"stat.entityKilledBy.Skeleton":12,"stat.craftItem.minecraft.stone_slab2":0,"stat.sprintOneCm":175869,"stat.pickup.xlfoodmod.vanilla_flower":5,"stat.mineBlock.mekanism.oreblock":13,"stat.mineBlock.byg.tamreliteore":4,"stat.pickup.hbm.ingot_tungsten":3,"stat.mineBlock.byg.delphinium":2,"stat.deaths":61,"stat.drop":4,"stat.pickup.byg.cracked_sand":3,"stat.playOneMinute":219963,"stat.pickup.hbm.lignite":1,"stat.craftItem.byg.palm_planks":32,"stat.killEntity.Zombie":43,"stat.mineBlock.minecraft.tallgrass":37,"stat.pickup.libvulpes.ore0":1,"stat.diveOneCm":61214,"stat.chestOpened":76,"stat.mineBlock.byg.cracked_sand":2,"stat.killEntity.BrainyZombie":1,"stat.useItem.minecraft.stone":4,"stat.pickup.minecraft.gravel":51,"stat.pickup.hbm.ore_thorium":2,"stat.pickup.minecraft.arrow":23,"stat.craftItem.mekanism.machineblock":1,"stat.mineBlock.hbm.ore_rare":4,"stat.pickup.foodfunk.rotten_food":17,"stat.mineBlock.appliedenergistics2.sky_stone_block":12,"stat.useItem.byg.salal_berry":2,"stat.pickup.everlastingabilities.ability_bottle":1,"stat.craftItem.minecraft.iron_nugget":18,"stat.jump":2678,"stat.useItem.minecraft.sand":126,"stat.pickup.byg.tamrelitegem":4,"stat.pickup.minecraft.coal":39,"stat.fallOneCm":89251,"stat.pickup.minecraft.gunpowder":5,"stat.crouchOneCm":11583,"stat.pickup.minecraft.spider_eye":5,"stat.craftItem.minecraft.chest":4,"stat.craftItem.minecraft.iron_ingot":18,"stat.pickup.byg.scoria":560,"stat.pickup.minecraft.dirt":713,"stat.pickup.cgm.assault_rifle":1,"stat.pickup.minecraft.iron_ore":19,"stat.craftingTableInteraction":11,"stat.mineBlock.hbm.ore_lignite":2,"stat.mineBlock.minecraft.leaves2":10,"stat.damageTaken":15654,"stat.mineBlock.hbm.ore_cobalt":4,"stat.mineBlock.minecraft.red_flower":1,"stat.useItem.thaumcraft.brain":3,"stat.pickup.minecraft.wheat_seeds":5,"stat.pickup.minecraft.potato":1,"stat.entityKilledBy.Zombie":9,"stat.mineBlock.minecraft.gravel":123,"stat.mineBlock.taiga.ovium_ore":1,"stat.damageDealt":8063,"stat.sleepInBed":2,"stat.mineBlock.minecraft.dirt":720,"stat.useItem.hbm.weapon_pipe_rusty":144,"stat.craftItem.hbm.ingot_copper":3,"stat.walkOneCm":270223,"stat.useItem.minecraft.chest":2,"stat.pickup.mekanism.oreblock":13,"stat.useItem.minecraft.cobblestone":10,"stat.pickup.hbm.fragment_meteorite":5,"stat.mineBlock.draconicevolution.draconium_ore":4,"stat.mineBlock.minecraft.double_plant":4,"stat.useItem.minecraft.lava_bucket":3,"stat.craftItem.mekanism.ingot":13,"stat.pickup.hbm.fragment_neodymium":6,"stat.pickup.minecraft.log":131,"stat.pickup.mekanism.machineblock":2,"stat.pickup.hbm.sopsign":1,"stat.drop.hbm.fragment_boron":1,"stat.craftItem.mekanismgenerators.generator":1,"stat.pickup.minecraft.stone":50,"stat.mineBlock.byg.salal_bush_ripe":1,"stat.pickup.hbm.ore_copper":4,"stat.pickup.minecraft.sapling":4,"stat.pickup.hbm.ore_uranium":7,"stat.pickup.taiga.ovium_ore":1,"stat.pickup.hbm.steel_pickaxe":1,"stat.killEntity.Skeleton":16,"stat.pickup.hbm.fragment_lanthanium":1,"stat.useItem.bloodmagic.bound_pickaxe":1701,"stat.pickup.thaumcraft.ore_cinnabar":1,"stat.craftItem.minecraft.bucket":1,"stat.killEntity.Spider":12,"stat.mineBlock.hbm.ore_lead":4,"stat.mobKills":77,"stat.mineBlock.minecraft.log":131,"stat.mineBlock.mekanism.machineblock":2,"stat.mineBlock.hbm.block_meteor_cobble":2,"stat.pickup.hbm.fragment_cerium":7,"stat.mineBlock.minecraft.leaves":69,"stat.pickup.minecraft.torch":1,"stat.pickup.minecraft.red_flower":5,"stat.pickup.thaumcraft.brain":3,"stat.mineBlock.hbm.ore_copper":6,"stat.mineBlock.minecraft.redstone_ore":10,"stat.sneakTime":3904,"stat.pickup.thaumcraft.amber":3,"stat.mineBlock.hbm.block_meteor_broken":2,"stat.craftItem.thaumcraft.quicksilver":1,"stat.drop.byg.delphinium":1,"stat.mineBlock.hbm.ore_tungsten":7,"stat.pickup.hbm.ore_titanium":4,"stat.mineBlock.minecraft.stone":344,"stat.mineBlock.thaumcraft.ore_cinnabar":1}