{"stat.leaveGame":18,"stat.mineBlock.thaumcraft.ore_quartz":2,"stat.pickup.quarryplus.solidquarry":3,"stat.useItem.thermalfoundation.tool.axe_tin":159,"stat.useItem.minecraft.mutton":5,"stat.useItem.minecraft.planks":32,"stat.pickup.hbm.ore_aluminium":21,"stat.pickup.hbm.niter":4,"stat.useItem.minecraft.water_bucket":60,"stat.pickup.minecraft.rotten_flesh":8,"stat.pickup.minecraft.sand":3,"stat.pickup.hbm.crystal_titanium":5,"stat.craftItem.minecraft.stone_axe":2,"stat.killEntity.Enderman":2,"stat.mineBlock.hbm.ore_niter":4,"stat.mineBlock.minecraft.wooden_slab":2,"stat.mineBlock.minecraft.sand":5,"stat.mineBlock.byg.scoria":179,"stat.mineBlock.hbm.ore_uranium":2,"stat.pickup.xlfoodmod.strawberry_seeds":1,"stat.hopperInspected":59,"stat.useItem.minecraft.iron_pickaxe":467,"stat.craftItem.minecraft.wooden_pickaxe":1,"stat.craftItem.minecraft.bed":1,"stat.craftItem.enderio.item_material":1,"stat.mineBlock.minecraft.hopper":12,"stat.useItem.minecraft.oak_stairs":2,"stat.furnaceInteraction":88,"stat.pickup.byg.whitesage":1,"stat.pickup.xlfoodmod.lettuce_seeds":1,"stat.craftItem.thermalfoundation.material":16,"stat.drop.minecraft.red_flower":1,"stat.craftItem.libvulpes.productingot":1,"stat.pickup.minecraft.furnace":6,"stat.mineBlock.cgm.workbench":1,"stat.entityKilledBy.BabySkeleton":1,"stat.pickup.xlfoodmod.vanilla_flower":5,"stat.drop.byg.cracked_sand":5,"stat.pickup.cgm.workbench":1,"stat.pickup.minecraft.skull":3,"stat.useItem.thermalfoundation.tool.pickaxe_tin":156,"stat.mineBlock.minecraft.fence":3,"stat.useItem.minecraft.flint_and_steel":17,"stat.pickup.hbm.crystal_iron":9,"stat.pickup.xlfoodmod.salt":20,"stat.useItem.xlfoodmod.vanilla_flower":4,"stat.useItem.minecraft.hopper":7,"stat.craftItem.enderio.block_simple_alloy_smelter":1,"stat.mineBlock.minecraft.oak_stairs":4,"stat.pickup.xlfoodmod.pepper_seeds":2,"stat.deaths":36,"stat.pickup.minecraft.egg":6,"stat.playOneMinute":408432,"stat.mineBlock.hbm.ore_cinnebar":2,"stat.craftItem.minecraft.iron_pickaxe":2,"stat.craftItem.byg.palm_planks":48,"stat.mineBlock.minecraft.tallgrass":116,"stat.pickup.libvulpes.ore0":10,"stat.chestOpened":102,"stat.pickup.hbm.ore_thorium":6,"stat.pickup.minecraft.arrow":5,"stat.craftItem.minecraft.coal":4,"stat.drop.minecraft.iron_pickaxe":2,"stat.drop.thaumcraft.amber":1,"stat.fallOneCm":162927,"stat.mineBlock.quarryplus.solidquarry":3,"stat.drop.minecraft.stone":2,"stat.drop.minecraft.dye":2,"stat.pickup.minecraft.carrot":5,"stat.crouchOneCm":24460,"stat.mineBlock.minecraft.chest":13,"stat.craftItem.minecraft.iron_ingot":34,"stat.craftItem.minecraft.chest":9,"stat.pickup.cgm.assault_rifle":1,"stat.craftItem.minecraft.hopper":4,"stat.craftingTableInteraction":52,"stat.pickup.minecraft.feather":15,"stat.pickup.minecraft.dye":53,"stat.pickup.minecraft.planks":62,"stat.pickup.minecraft.wheat_seeds":18,"stat.pickup.enderio.item_material":2,"stat.drop.cgm.rifle":1,"stat.mineBlock.minecraft.gravel":59,"stat.useItem.minecraft.stone_pickaxe":525,"stat.pickup.waystones.waystone":1,"stat.craftItem.hbm.ingot_aluminium":21,"stat.mineBlock.xlfoodmod.grass":1,"stat.mineBlock.minecraft.dirt":356,"stat.useItem.hbm.weapon_pipe_rusty":24,"stat.pickup.minecraft.flint_and_steel":1,"stat.useItem.minecraft.torch":96,"stat.useItem.minecraft.bread":19,"stat.drop.minecraft.rotten_flesh":1,"stat.pickup.minecraft.crafting_table":5,"stat.useItem.minecraft.cobblestone":19,"stat.craftItem.minecraft.crafting_table":1,"stat.useItem.minecraft.gravel":50,"stat.mineBlock.minecraft.double_plant":9,"stat.mineBlock.thaumcraft.crystal_aer":1,"stat.pickup.minecraft.log":316,"stat.drop.minecraft.chicken":2,"stat.pickup.minecraft.iron_pickaxe":1,"stat.drop.minecraft.sapling":1,"stat.pickup.minecraft.hopper":11,"stat.pickup.minecraft.chicken":7,"stat.pickup.hbm.ore_copper":4,"stat.pickup.minecraft.sapling":4,"stat.pickup.hbm.ore_uranium":2,"stat.pickup.hbm.weapon_pipe_lead":1,"stat.craftItem.minecraft.bucket":2,"stat.craftItem.minecraft.planks":292,"stat.mineBlock.hbm.ore_lead":22,"stat.mineBlock.minecraft.log":198,"stat.craftItem.minecraft.wooden_door":3,"stat.craftItem.hbm.ingot_beryllium":1,"stat.useItem.minecraft.wooden_door":1,"stat.pickup.minecraft.red_flower":1,"stat.sneakTime":15044,"stat.pickup.thaumcraft.amber":2,"stat.pickup.minecraft.wool":4,"stat.pickup.hbm.ore_titanium":21,"stat.pickup.minecraft.chest":11,"stat.mineBlock.thaumcraft.ore_cinnabar":4,"stat.drop.minecraft.stone_pickaxe":2,"stat.pickup.minecraft.bone":3,"stat.mineBlock.byg.redcornflower":2,"stat.mineBlock.minecraft.cobblestone":10,"stat.pickup.minecraft.stone_pickaxe":1,"stat.pickup.minecraft.flint":7,"stat.useItem.foodfunk.rotten_food":2,"stat.swimOneCm":97204,"stat.mineBlock.hbm.ore_oil":90,"stat.climbOneCm":3424,"stat.pickup.minecraft.enchanted_book":1,"stat.mineBlock.thaumcraft.ore_amber":1,"stat.useItem.minecraft.dirt":141,"stat.useItem.minecraft.stone_slab2":85,"stat.drop.hbm.weapon_pipe_rusty":1,"stat.useItem.hbm.weapon_pipe_lead":26,"stat.craftItem.minecraft.furnace":4,"stat.mineBlock.byg.palm_log":29,"stat.pickup.thermalfoundation.ore":23,"stat.useItem.minecraft.egg":3,"stat.drop.minecraft.ender_pearl":1,"stat.craftItem.minecraft.stone_pickaxe":4,"stat.pickup.everlastingabilities.ability_totem":2,"stat.pickup.minecraft.cobblestone":450,"stat.mineBlock.hbm.ore_asbestos":4,"stat.flyOneCm":635043,"stat.mineBlock.hbm.ore_thorium":6,"stat.drop.minecraft.wheat_seeds":6,"stat.craftItem.hbm.ingot_lead":20,"stat.pickup.hbm.ore_tungsten":15,"stat.pickup.minecraft.redstone":85,"stat.mineBlock.minecraft.iron_ore":30,"stat.timeSinceDeath":26325,"stat.mineBlock.hbm.ore_titanium":13,"stat.pickup.hbm.cinnebar":2,"stat.drop.minecraft.spider_eye":2,"stat.mineBlock.xlfoodmod.vanilla_flower":5,"stat.pickup.minecraft.mutton":5,"stat.pickup.hbm.fragment_cobalt":62,"stat.pickup.xlfoodmod.grass":2,"stat.pickup.cgm.basic_ammo":256,"stat.killEntity.entity_fucc_a_ducc":1,"stat.pickup.minecraft.dark_oak_door":1,"stat.mineBlock.thermalfoundation.ore":24,"stat.killEntity.Wolf":2,"stat.pickup.hbm.ore_beryllium":1,"stat.drop.minecraft.dirt":1,"stat.pickup.hbm.weapon_pipe_rusty":1,"stat.mineBlock.minecraft.coal_ore":44,"stat.pickup.hbm.ore_oil":90,"stat.killEntity.Creeper":6,"stat.pickup.extrautils2.ingredients":1,"stat.pickup.minecraft.string":7,"stat.mineBlock.minecraft.ladder":7,"stat.craftItem.thermalfoundation.tool.axe_tin":2,"stat.mineBlock.libvulpes.ore0":10,"stat.entityKilledBy.Skeleton":2,"stat.craftItem.minecraft.stone_slab2":0,"stat.useItem.xlfoodmod.salt":7,"stat.useItem.minecraft.written_book":2,"stat.pickup.hbm.ingot_asbestos":4,"stat.killEntity.Squid":1,"stat.sprintOneCm":247646,"stat.craftItem.minecraft.stick":76,"stat.mineBlock.mekanism.oreblock":33,"stat.mineBlock.minecraft.crafting_table":5,"stat.mineBlock.minecraft.planks":5,"stat.drop":33,"stat.pickup.byg.cracked_sand":14,"stat.useItem.minecraft.ladder":3,"stat.killEntity.Zombie":13,"stat.mineBlock.xlfoodmod.rock_salt":4,"stat.diveOneCm":123935,"stat.mineBlock.byg.cracked_sand":15,"stat.killEntity.BrainyZombie":1,"stat.pickup.cgm.scope":1,"stat.pickup.minecraft.gravel":51,"stat.useItem.minecraft.chicken":4,"stat.drop.minecraft.ladder":2,"stat.pickup.minecraft.stone_axe":1,"stat.pickup.everlastingabilities.ability_bottle":1,"stat.pickup.byg.soapstone":14,"stat.jump":5051,"stat.pickup.minecraft.fence":2,"stat.pickup.minecraft.coal":41,"stat.pickup.minecraft.iron_ingot":16,"stat.useItem.minecraft.stone_axe":212,"stat.pickup.minecraft.gunpowder":5,"stat.pickup.minecraft.spider_eye":4,"stat.craftItem.minecraft.torch":112,"stat.pickup.byg.scoria":192,"stat.pickup.minecraft.dirt":580,"stat.mineBlock.hbm.ore_aluminium":21,"stat.pickup.minecraft.iron_ore":28,"stat.mineBlock.minecraft.lapis_ore":9,"stat.pickup.xlfoodmod.tomato_seeds":1,"stat.damageTaken":10443,"stat.craftItem.minecraft.iron_bars":16,"stat.mineBlock.hbm.ore_cobalt":9,"stat.mineBlock.minecraft.torch":86,"stat.mineBlock.minecraft.red_flower":1,"stat.pickup.hbm.ore_lead":26,"stat.mineBlock.minecraft.furnace":6,"stat.useItem.minecraft.wooden_pickaxe":62,"stat.craftItem.hbm.ingot_uranium":2,"stat.useItem.thaumcraft.brain":2,"stat.pickup.minecraft.reeds":3,"stat.pickup.xlfoodmod.rice_seeds":2,"stat.pickup.minecraft.oak_stairs":3,"stat.entityKilledBy.Zombie":4,"stat.damageDealt":5178,"stat.sleepInBed":8,"stat.killEntity.Silverfish":1,"stat.killEntity.Pig":4,"stat.walkOneCm":423830,"stat.useItem.minecraft.chest":5,"stat.craftItem.hbm.ingot_th232":6,"stat.mineBlock.hbm.ore_beryllium":1,"stat.pickup.mekanism.oreblock":31,"stat.craftItem.mekanism.ingot":8,"stat.pickup.minecraft.stone":26,"stat.pickup.minecraft.ender_pearl":3,"stat.pickup.minecraft.ladder":8,"stat.killEntity.Skeleton":9,"stat.pickup.thaumcraft.ore_cinnabar":4,"stat.pickup.byg.palm_log":28,"stat.mineBlock.byg.soapstone":18,"stat.useItem.byg.cracked_sand":4,"stat.killEntity.Chicken":13,"stat.killEntity.Spider":8,"stat.pickup.minecraft.bread":21,"stat.mineBlock.waystones.waystone":1,"stat.mobKills":63,"stat.pickup.minecraft.quartz":2,"stat.mineBlock.minecraft.leaves":6,"stat.pickup.minecraft.torch":90,"stat.pickup.thaumcraft.brain":2,"stat.mineBlock.hbm.ore_copper":6,"stat.mineBlock.minecraft.redstone_ore":18,"stat.drop.minecraft.stone_axe":2,"stat.mineBlock.hbm.ore_tungsten":15,"stat.craftItem.thermalfoundation.tool.pickaxe_tin":1,"stat.mineBlock.minecraft.stone":447}