{"stat.pickup.minecraft.bone":99,"stat.pickup.minecraft.redstone_torch":2,"stat.useItem.thermalexpansion.reservoir":258,"stat.drop.advancedcombat.obsidian_boots":4,"stat.leaveGame":4,"stat.useItem.minecraft.skull":1,"stat.mineBlock.minecraft.stained_glass_pane":83,"stat.mineBlock.minecraft.stained_glass":113,"stat.swimOneCm":10648,"stat.climbOneCm":12218,"stat.pickup.minecraft.enchanted_book":2,"stat.mineBlock.minecraft.web":5,"stat.drop.enderio.item_dark_steel_helmet":2,"stat.useItem.minecraft.stone_slab2":13,"stat.pickup.minecraft.bow":3,"stat.useItem.minecraft.water_bucket":8,"stat.pickup.minecraft.rotten_flesh":236,"stat.drop.minecraft.redstone_torch":2,"stat.pickup.minecraft.cobblestone_wall":1,"stat.pickup.everlastingabilities.ability_totem":5,"stat.mineBlock.biomesoplenty.double_plant":1,"stat.drop.enderio.item_end_steel_helmet":1,"stat.flyOneCm":639548,"stat.killEntity.Witch":1,"stat.drop.minecraft.wheat_seeds":2,"stat.pickup.hbm.gas_mask_m65":4,"stat.pickup.xlfoodmod.strawberry_seeds":1,"stat.timeSinceDeath":138221,"stat.pickup.minecraft.stained_hardened_clay":1,"stat.killEntity.thermalfoundation.basalz":1,"stat.drop.minecraft.rail":4,"stat.mineBlock.minecraft.vine":2,"stat.pickup.minecraft.stonebrick":1,"stat.killEntity.ZombieVillager":4,"stat.pickup.xlfoodmod.lettuce_seeds":1,"stat.killEntity.Creeper":32,"stat.pickup.advancedcombat.obsidian_chest":3,"stat.pickup.minecraft.string":65,"stat.mineBlock.minecraft.ladder":1,"stat.craftItem.minecraft.stone_slab2":11,"stat.sprintOneCm":192106,"stat.pickup.minecraft.skull":79,"stat.drop.thermalexpansion.reservoir":1,"stat.pickup.hbm.heart_piece":1,"stat.drop.tconstruct.large_sword_blade":1,"stat.drop":32,"stat.playOneMinute":138221,"stat.useItem.minecraft.ladder":2,"stat.useItem.tconstruct.crossbow":935,"stat.killEntity.Zombie":59,"stat.pickup.minecraft.iron_bars":4,"stat.drop.minecraft.bread":1,"stat.mineBlock.minecraft.tallgrass":35,"stat.diveOneCm":4376,"stat.chestOpened":26,"stat.useItem.minecraft.splash_potion":1,"stat.killEntity.BrainyZombie":2,"stat.pickup.minecraft.arrow":111,"stat.mineBlock.minecraft.anvil":1,"stat.drop.extrautils2.luxsaber":1,"stat.useItem.minecraft.rotten_flesh":75,"stat.pickup.everlastingabilities.ability_bottle":1,"stat.jump":1419,"stat.fallOneCm":46255,"stat.pickup.minecraft.carrot":2,"stat.pickup.minecraft.gunpowder":76,"stat.crouchOneCm":4409,"stat.pickup.minecraft.rail":4,"stat.pickup.minecraft.spider_eye":27,"stat.pickup.minecraft.dirt":26,"stat.craftingTableInteraction":1,"stat.mineBlock.minecraft.iron_bars":2,"stat.damageTaken":847,"stat.drop.minecraft.bone":2,"stat.pickup.minecraft.wheat_seeds":2,"stat.useItem.forge.bucketfilled":2,"stat.pickup.tconstruct.large_sword_blade":1,"stat.drop.thaumcraft.brain":3,"stat.damageDealt":34557,"stat.killEntity.Silverfish":11,"stat.pickup.minecraft.minecart":6,"stat.mineBlock.minecraft.dirt":39,"stat.walkOneCm":230629,"stat.pickup.minecraft.golden_apple":1,"stat.drop.minecraft.rotten_flesh":18,"stat.minecartOneCm":70862,"stat.pickup.minecraft.log":7,"stat.pickup.enderio.item_dark_steel_helmet":1,"stat.drop.minecraft.stonebrick":1,"stat.pickup.minecraft.ladder":3,"stat.pickup.hbm.steel_pickaxe":1,"stat.killEntity.Skeleton":45,"stat.drop.minecraft.bow":1,"stat.pickup.hbm.crowbar":1,"stat.killEntity.Chicken":1,"stat.killEntity.Spider":31,"stat.drop.hbm.gas_mask_m65":1,"stat.drop.simplyjetpacks.itemjetpack":1,"stat.mobKills":198,"stat.mineBlock.minecraft.log":7,"stat.useItem.hbm.steel_pickaxe":14,"stat.useItem.extrautils2.lawsword":3,"stat.useItem.minecraft.golden_apple":1,"stat.mineBlock.minecraft.leaves":31,"stat.killEntity.BabySkeleton":5,"stat.useItem.tinkers_reforged.gladius":37,"stat.pickup.thaumcraft.brain":28,"stat.sneakTime":2901,"stat.pickup.advancedcombat.obsidian_boots":2,"stat.mineBlock.minecraft.cobblestone_wall":1,"stat.drop.minecraft.arrow":21,"stat.drop.advancedcombat.obsidian_chest":5,"stat.pickup.minecraft.stone_slab":1}