{"stat.pickup.extrautils2.luxsaber":1,"stat.pickup.minecraft.redstone_torch":16,"stat.useItem.thermalexpansion.reservoir":48,"stat.leaveGame":11,"stat.pickup.minecraft.stone_pickaxe":1,"stat.useItem.minecraft.skull":21,"stat.mineBlock.minecraft.brown_mushroom":1,"stat.mineBlock.minecraft.stained_glass_pane":28,"stat.mineBlock.minecraft.stained_glass":27,"stat.swimOneCm":21069,"stat.pickup.enderio.item_dark_steel_sword":1,"stat.climbOneCm":17373,"stat.useItem.minecraft.planks":6,"stat.pickup.minecraft.enchanted_book":20,"stat.pickup.minecraft.porkchop":3,"stat.useItem.minecraft.dirt":8,"stat.useItem.minecraft.stone_slab2":19,"stat.pickup.minecraft.bow":2,"stat.useItem.minecraft.water_bucket":33,"stat.drop.minecraft.redstone_torch":4,"stat.pickup.minecraft.rotten_flesh":48,"stat.useItem.tconstruct.cleaver":6,"stat.pickup.minecraft.enchanting_table":1,"stat.pickup.minecraft.anvil":4,"stat.pickup.minecraft.name_tag":4,"stat.pickup.minecraft.cobblestone_wall":4,"stat.craftItem.minecraft.stone_pickaxe":1,"stat.pickup.everlastingabilities.ability_totem":4,"stat.pickup.minecraft.cobblestone":42,"stat.flyOneCm":467566,"stat.pickup.appliedenergistics2.material":4,"stat.pickup.minecraft.brown_mushroom":1,"stat.killEntity.Witch":1,"stat.drop.minecraft.wheat_seeds":2,"stat.pickup.hbm.gas_mask_m65":1,"stat.pickup.minecraft.redstone":7,"stat.mineBlock.minecraft.iron_ore":7,"stat.pickup.xlfoodmod.strawberry_seeds":1,"stat.timeSinceDeath":37448,"stat.craftItem.minecraft.wooden_pickaxe":1,"stat.pickup.minecraft.mutton":1,"stat.mineBlock.minecraft.vine":3,"stat.pickup.minecraft.dark_oak_door":1,"stat.furnaceInteraction":4,"stat.mineBlock.minecraft.enchanting_table":1,"stat.mineBlock.minecraft.rail":21,"stat.killEntity.ZombieVillager":1,"stat.pickup.xlfoodmod.lettuce_seeds":1,"stat.mineBlock.minecraft.coal_ore":6,"stat.killEntity.Creeper":9,"stat.pickup.advancedcombat.obsidian_chest":4,"stat.pickup.minecraft.furnace":2,"stat.entityKilledBy.Skeleton":1,"stat.pickup.minecraft.nether_star":1,"stat.mineBlock.minecraft.stained_hardened_clay":3,"stat.sprintOneCm":197276,"stat.pickup.biomesoplenty.flower_0":3,"stat.pickup.minecraft.skull":38,"stat.craftItem.minecraft.stick":4,"stat.pickup.hbm.heart_piece":1,"stat.mineBlock.minecraft.crafting_table":3,"stat.mineBlock.minecraft.quartz_block":1,"stat.pickup.simplyjetpacks.itemjetpack":1,"stat.drop.minecraft.cobblestone_wall":1,"stat.deaths":6,"stat.mineBlock.minecraft.planks":16,"stat.drop":20,"stat.playOneMinute":123482,"stat.killEntity.Sheep":2,"stat.killEntity.Zombie":45,"stat.mineBlock.minecraft.tallgrass":9,"stat.diveOneCm":22149,"stat.chestOpened":20,"stat.killEntity.BrainyZombie":3,"stat.useItem.minecraft.stone":25,"stat.drop.minecraft.wooden_pickaxe":1,"stat.pickup.minecraft.arrow":7,"stat.mineBlock.minecraft.anvil":2,"stat.drop.extrautils2.luxsaber":1,"stat.useItem.minecraft.rotten_flesh":33,"stat.pickup.everlastingabilities.ability_bottle":1,"stat.jump":1538,"stat.pickup.minecraft.coal":12,"stat.pickup.minecraft.cooked_chicken":1,"stat.fallOneCm":32949,"stat.pickup.enderio.item_alloy_ingot":1,"stat.useItem.extrautils2.luxsaber":43,"stat.crouchOneCm":14848,"stat.pickup.minecraft.rail":111,"stat.pickup.minecraft.spider_eye":5,"stat.pickup.enderio.item_end_steel_helmet":1,"stat.pickup.minecraft.dirt":15,"stat.useItem.minecraft.cooked_chicken":1,"stat.craftingTableInteraction":3,"stat.pickup.minecraft.iron_ore":12,"stat.pickup.xlfoodmod.tomato_seeds":1,"stat.useItem.minecraft.golden_rail":1,"stat.damageTaken":2378,"stat.pickup.minecraft.feather":2,"stat.mineBlock.minecraft.furnace":1,"stat.mineBlock.minecraft.torch":4,"stat.useItem.minecraft.wooden_pickaxe":25,"stat.useItem.thaumcraft.brain":6,"stat.mineBlock.biomesoplenty.plant_0":3,"stat.pickup.minecraft.planks":15,"stat.pickup.minecraft.wheat_seeds":2,"stat.pickup.minecraft.quartz_block":75,"stat.pickup.xlfoodmod.rice_seeds":1,"stat.pickup.tconstruct.large_sword_blade":2,"stat.pickup.enderio.item_material":2,"stat.entityKilledBy.Zombie":2,"stat.useItem.minecraft.stone_pickaxe":134,"stat.mineBlock.minecraft.glass":3,"stat.pickup.thermalexpansion.reservoir":1,"stat.drop.thaumcraft.brain":2,"stat.damageDealt":18605,"stat.killEntity.Silverfish":13,"stat.drop.enderio.item_material":2,"stat.mineBlock.xlfoodmod.grass":1,"stat.mineBlock.minecraft.dirt":13,"stat.killEntity.Pig":2,"stat.walkOneCm":336683,"stat.useItem.minecraft.torch":2,"stat.useItem.minecraft.bread":2,"stat.pickup.minecraft.golden_apple":1,"stat.pickup.flammpfeil.slashblade.proudsoul":2,"stat.pickup.hbm.scrumpy":1,"stat.drop.minecraft.rotten_flesh":2,"stat.pickup.minecraft.crafting_table":4,"stat.drop.appliedenergistics2.material":1,"stat.useItem.minecraft.cobblestone":15,"stat.craftItem.minecraft.crafting_table":1,"stat.pickup.advancedcombat.obsidian_legs":1,"stat.pickup.minecraft.log":5,"stat.pickup.enderio.item_dark_steel_helmet":1,"stat.drop.xlfoodmod.rice_seeds":1,"stat.mineBlock.minecraft.golden_rail":5,"stat.pickup.minecraft.stone":26,"stat.pickup.minecraft.chicken":1,"stat.pickup.minecraft.sapling":1,"stat.pickup.minecraft.ender_pearl":1,"stat.killEntity.Skeleton":10,"stat.drop.minecraft.bow":1,"stat.mineBlock.minecraft.stonebrick":2,"stat.pickup.hbm.crowbar":1,"stat.killEntity.Chicken":1,"stat.mineBlock.minecraft.redstone_torch":5,"stat.killEntity.Spider":17,"stat.mobKills":109,"stat.mineBlock.minecraft.log":5,"stat.useItem.minecraft.cobblestone_wall":1,"stat.pickup.minecraft.diamond":1,"stat.mineBlock.minecraft.leaves":3,"stat.pickup.minecraft.torch":7,"stat.killEntity.BabySkeleton":1,"stat.pickup.thaumcraft.brain":12,"stat.sneakTime":5249,"stat.mineBlock.byg.lollipop_flower":1,"stat.pickup.advancedcombat.obsidian_boots":3,"stat.mineBlock.minecraft.cobblestone_wall":5,"stat.drop.minecraft.arrow":3,"stat.pickup.minecraft.golden_rail":14,"stat.mineBlock.minecraft.stone":68}